country,region_id,cal_region2,year,EM_ID,ibtracsID,emdat_impact,reference_year,emdat_impact_scaled,climada_impact,v_thresh,v_half,scale,log_ratio,unique_ID,ratio
ATG,28,NA1,2010,2010-0468,2010236N12341,12600000.0,2014,13945942.61,481761.9213518903,25.7,74.7000000000007,1.0,-3.365493839695486,2010-0468ATG,0.034544952236246894
ATG,28,NA1,2017,2017-0381,2017242N16333,250000000.0,2014,211176356.8,90265385.50355598,25.7,74.7000000000007,1.0,-0.8499395394186606,2017-0381ATG,0.42744077448520496
ATG,28,NA1,1989,1989-0115,1989254N13340,80000000.0,2014,232560060.9,33194625.30151781,25.7,74.7000000000007,1.0,-1.946760543809907,1989-0115ATG,0.14273570953265008
ATG,28,NA1,1995,1995-0192,1995240N11337,350000000.0,2014,773370483.3,104172108.20843188,25.7,74.7000000000007,1.0,-2.004713795643528,1995-0192ATG,0.13469884157451384
BHS,44,NA1,2015,2015-0479,2015270N27291,90000000.0,2014,83627197.41,89086.19818379004,25.7,74.7000000000007,1.0,-6.8445196540966755,2015-0479BHS,0.001065277815625294
BHS,44,NA1,2011,2011-0328,2011233N15301,40000000.0,2014,43522583.4,8256986.299622823,25.7,74.7000000000007,1.0,-1.662220295809136,2011-0328BHS,0.18971728363952822
BHS,44,NA1,2004,2004-0455,2004238N11325,1000000000.0,2014,1210044074.0,46289200.61436215,25.7,74.7000000000007,1.0,-3.263503376905114,2004-0455BHS,0.03825414429851763
BHS,44,NA1,2001,2001-0671,2001303N13276,300000000.0,2014,395198026.4,17695377.276870385,25.7,74.7000000000007,1.0,-3.1060835372636495,2001-0671BHS,0.044775975826761835
BHS,44,NA1,1999,1999-0327,1999251N15314,450000000.0,2014,641705937.2,42976154.8576677,25.7,74.7000000000007,1.0,-2.7034847333256318,1999-0327BHS,0.06697172702685054
BHS,44,NA1,2017,2017-0381,2017242N16333,2000000.0,2014,1801876.321,25479.180740342792,25.7,74.7000000000007,1.0,-4.258722124378344,2017-0381BHS,0.01414036049166928
BHS,44,NA1,1995,1995-0404,1995212N22287,400000.0,2014,1278191.893,717078.4135931174,25.7,74.7000000000007,1.0,-0.5780165766140273,1995-0404BHS,0.5610099841191196
BLZ,84,NA1,2001,2001-0553,2001278N12302,250000000.0,2014,485443358.1,35127860.45772349,25.7,74.7000000000007,1.0,-2.626068052921013,2001-0553BLZ,0.07236242884280486
BLZ,84,NA1,2007,2007-0360,2007225N12331,14847000.0,2014,19476548.08,130859382.84898286,25.7,74.7000000000007,1.0,1.9049122540872696,2007-0360BLZ,6.718818052946417
BMU,60,NA1,2003,2003-0448,2003240N15329,300000000.0,2014,399403562.6,1621841457.5653074,25.7,74.7000000000007,1.0,1.4013451440486948,2003-0448BMU,4.060658465356681
BMU,60,NA1,1987,1987-0164,1987263N10309,50000000.0,2014,214952184.2,72012629.77437632,25.7,74.7000000000007,1.0,-1.09357408715765,1987-0164BMU,0.3350169715296911
CPV,132,NA1,2015,2015-0473,2015242N12343,1100000.0,2014,1281242.483,1176794.089556742,25.7,74.7000000000007,1.0,-0.08503642913854106,2015-0473CPV,0.9184788243996604
CUB,192,NA1,2005,2005-0351,2005186N12299,1400000000.0,2014,2647941893.0,3697007460.9046,25.7,74.7000000000007,1.0,0.3337410039465793,2005-0351CUB,1.3961814912471722
CUB,192,NA1,2008,2008-0384,2008245N17323,1500000000.0,2014,1989662255.0,2891684211.8451552,25.7,74.7000000000007,1.0,0.37387420141667294,2008-0384CUB,1.4533543090433483
CUB,192,NA1,2004,2004-0415,2004223N11301,1000000000.0,2014,2111247808.0,7939741169.457262,25.7,74.7000000000007,1.0,1.3246015255307273,2004-0415CUB,3.760686518831077
CUB,192,NA1,2017,2017-0381,2017242N16333,13200000000.0,2014,10992753818.0,304344732.9958712,25.7,74.7000000000007,1.0,-3.586830541852193,2017-0381CUB,0.02768594094207079
CUB,192,NA1,2008,2008-0352,2008238N13293,2072000000.0,2014,2748386795.0,245108955.944071,25.7,74.7000000000007,1.0,-2.4170665687057964,2008-0352CUB,0.08918284587525498
DMA,212,NA1,2017,2017-0383,2017260N12310,1456000000.0,2014,1534596212.0,250641879.62794223,25.7,74.7000000000007,1.0,-1.8119974254155025,2017-0383DMA,0.16332757611938
DMA,212,NA1,2007,2007-0360,2007225N12331,20000000.0,2014,24849111.57,2163894.473345349,25.7,74.7000000000007,1.0,-2.440912405025909,2007-0360DMA,0.08708136173197395
DMA,212,NA1,1989,1989-0115,1989254N13340,20000000.0,2014,56557045.94,1938695.0530411245,25.7,74.7000000000007,1.0,-3.3732346977696817,1989-0115DMA,0.034278576980449775
DOM,214,NA1,2011,2011-0328,2011233N15301,30000000.0,2014,34283168.75,2038640.9500724275,25.7,74.7000000000007,1.0,-2.822371141837951,2011-0328DOM,0.05946477599368429
DOM,214,NA1,2017,2017-0383,2017260N12310,63000000.0,2014,54813712.03,3710761.7647198746,25.7,74.7000000000007,1.0,-2.6927031992195225,2017-0383DOM,0.06769769145882591
HND,340,NA1,2007,2007-0439,2007244N12303,6579000.0,2014,10588404.38,13946819.061933355,25.7,74.7000000000007,1.0,0.2754919821030183,2007-0439HND,1.317178543754612
JAM,388,NA1,2005,2005-0351,2005186N12299,30000000.0,2014,37089462.6,116159528.1627312,25.7,74.7000000000007,1.0,1.1416315867923605,2005-0351JAM,3.1318741232646277
JAM,388,NA1,2004,2004-0415,2004223N11301,300000000.0,2014,409384949.8,8756094.997235192,25.7,74.7000000000007,1.0,-3.8449058819600586,2004-0415JAM,0.02138841450207897
JAM,388,NA1,2007,2007-0360,2007225N12331,300000000.0,2014,323956910.3,3863025898.6598186,25.7,74.7000000000007,1.0,2.4785955528838297,2007-0360JAM,11.924505314865693
JAM,388,NA1,2012,2012-0410,2012296N14283,16542000.0,2014,15483975.86,332356351.3324102,25.7,74.7000000000007,1.0,3.066402066992309,2012-0410JAM,21.46453561652674
JAM,388,NA1,2008,2008-0352,2008238N13293,66198000.0,2014,67028878.91,190540346.1405669,25.7,74.7000000000007,1.0,1.0447404078740627,2008-0352JAM,2.8426604955814097
KNA,659,NA1,2017,2017-0381,2017242N16333,20000000.0,2014,18484889.46,75442788.93886885,25.7,74.7000000000007,1.0,1.4064209942219006,2017-0381KNA,4.081322157869634
KNA,659,NA1,1989,1989-0115,1989254N13340,46000000.0,2014,219073474.2,25571606.35729121,25.7,74.7000000000007,1.0,-2.147924562898516,1989-0115KNA,0.11672616436413465
LCA,662,NA1,2010,2010-0571,2010302N09306,500000.0,2014,548667.5019,4161146.4969230974,25.7,74.7000000000007,1.0,2.0260533006422197,2010-0571LCA,7.5840950712650494
LCA,662,NA1,2007,2007-0360,2007225N12331,40000000.0,2014,47496877.29,22007266.00993932,25.7,74.7000000000007,1.0,-0.7692912956071908,2007-0360LCA,0.4633413240110573
MEX,484,NA1,2014,2014-0333,2014253N13260,2500000000.0,2014,2500000000.0,1599139754.73871,25.7,74.7000000000007,1.0,-0.44682490050408263,2014-0333MEX,0.6396559018954839
MEX,484,NA1,2016,2016-0319,2016248N15255,50000000.0,2014,60984824.31,227594056.3021022,25.7,74.7000000000007,1.0,1.316938535826844,2016-0319MEX,3.731978551667032
MEX,484,NA1,2009,2009-0384,2009239N12270,40000000.0,2014,58422121.35,23905931.80093804,25.7,74.7000000000007,1.0,-0.8935679877003284,2009-0384MEX,0.4091931489053682
MEX,484,NA1,2015,2015-0470,2015293N13266,823000000.0,2014,924242990.8,3139813641.857197,25.7,74.7000000000007,1.0,1.2229437132884708,2015-0470MEX,3.397173333323803
MEX,484,NA1,2010,2010-0494,2010257N16282,3900000000.0,2014,4846656451.0,2161067741.2619524,25.7,74.7000000000007,1.0,-0.807686651447178,2010-0494MEX,0.44588836925218084
MEX,484,NA1,1995,1995-0256,1995281N14278,1500000000.0,2014,5476225576.0,83304549.95040977,25.7,74.7000000000007,1.0,-4.185668210197329,1995-0256MEX,0.015212037706317044
MEX,484,NA1,2005,2005-0585,2005289N18282,5000000000.0,2014,7490595958.0,1634364964.1613376,25.7,74.7000000000007,1.0,-1.522394033742639,2005-0585MEX,0.21818890957745843
MEX,484,NA1,2012,2012-0276,2012215N12313,300000000.0,2014,328342750.7,118207202.60209917,25.7,74.7000000000007,1.0,-1.0216189955922228,2012-0276MEX,0.36001161088554884
MEX,484,NA1,2006,2006-0505,2006257N16259,2700000.0,2014,3638886.137,768991655.3425838,25.7,74.7000000000007,1.0,5.353402489636253,2006-0505MEX,211.32611090067306
MEX,484,NA1,1997,1997-0243,1997279N12263,447800000.0,2014,1176350687.0,713166197.9132428,25.7,74.7000000000007,1.0,-0.5004577973321117,1997-0243MEX,0.606253055142937
MEX,484,NA1,2005,2005-0382,2005192N11318,400000000.0,2014,599247676.6,521111471.04010135,25.7,74.7000000000007,1.0,-0.13971102132801186,2005-0382MEX,0.8696094976901264
MEX,484,NA1,1982,1982-0105,1982262N12270,82400000.0,2014,586753507.8,893463892.4325285,25.7,74.7000000000007,1.0,0.42050110933493623,1982-0105MEX,1.522724415883805
MEX,484,NA1,2017,2017-0334,2017219N16279,2000000.0,2014,2284434.574,33814557.63085639,25.7,74.7000000000007,1.0,2.6947728663809194,2017-0334MEX,14.802156304108006
MEX,484,NA1,2008,2008-0304,2008203N18276,75000000.0,2014,88822764.83,135270907.75751957,25.7,74.7000000000007,1.0,0.42063651394540996,2008-0304MEX,1.5229306137499523
MEX,484,NA1,2010,2010-0260,2010176N16278,2000000000.0,2014,2485464847.0,242961271.51533568,25.7,74.7000000000007,1.0,-2.325312928045305,2010-0260MEX,0.09775284965651163
MEX,484,NA1,2011,2011-0385,2011279N10257,27700000.0,2014,30846033.58,54937011.01024426,25.7,74.7000000000007,1.0,0.577179103633675,2011-0385MEX,1.7810073009148382
MEX,484,NA1,2002,2002-0669,2002295N11261,200000000.0,2014,340513691.7,535008158.17522126,25.7,74.7000000000007,1.0,0.4518266603515592,2002-0669MEX,1.5711795772563975
MEX,484,NA1,1995,1995-0207,1995256N15253,800000000.0,2014,2920653641.0,69388385.35214469,25.7,74.7000000000007,1.0,-3.7398432244006865,1995-0207MEX,0.02375782748699598
MEX,484,NA1,2007,2007-0360,2007225N12331,600000000.0,2014,749255406.1,4181349808.214828,25.7,74.7000000000007,1.0,1.7193094724972915,2007-0360MEX,5.580673524905819
MEX,484,NA1,1990,1990-0393,1990216N13281,90700000.0,2014,456380159.7,154630645.32276252,25.7,74.7000000000007,1.0,-1.0822868059324624,1990-0393MEX,0.3388198238600216
MEX,484,NA1,1992,1992-0342,1992233N16254,3000000.0,2014,10859450.34,699458.9303354467,25.7,74.7000000000007,1.0,-2.742483899452635,1992-0342MEX,0.06441015967070086
MEX,484,NA1,1988,1988-0430,1988253N12306,76000000.0,2014,550112928.0,10797541716.348736,25.7,74.7000000000007,1.0,2.9769501875597415,1988-0430MEX,19.627863965321563
MEX,484,NA1,2003,2003-0474,2003262N17254,100000000.0,2014,180241122.2,51963152.75222509,25.7,74.7000000000007,1.0,-1.243760655761142,2003-0474MEX,0.2882979872626708
MEX,484,NA1,2012,2012-0401,2012166N09269,555000000.0,2014,607434088.9,61865741.29555649,25.7,74.7000000000007,1.0,-2.284277099625809,2012-0401MEX,0.1018476612130691
MSR,500,NA1,1989,1989-0115,1989254N13340,240000000.0,2014,240000000.0,13607257.922498845,25.7,74.7000000000007,1.0,-2.870035602179614,1989-0115MSR,0.05669690801041185
MSR,500,NA1,1995,1995-0192,1995240N11337,20000000.0,2014,20000000.0,92508.12296124807,25.7,74.7000000000007,1.0,-5.376191096076053,1995-0192MSR,0.004625406148062404
NIC,558,NA1,1988,1988-0481,1988285N09318,400000000.0,2014,1806289799.0,29332673.72593822,25.7,74.7000000000007,1.0,-4.120328146724913,1988-0481NIC,0.016239184732249168
PRI,630,NA1,2011,2011-0328,2011233N15301,500000000.0,2014,510433804.3,38584701.49856293,25.7,74.7000000000007,1.0,-2.582405097157209,2011-0328PRI,0.07559197916266011
PRI,630,NA1,2017,2017-0383,2017260N12310,68000000000.0,2014,67009049565.0,36854473996.22833,25.7,74.7000000000007,1.0,-0.597850656114956,2017-0383PRI,0.5499924896036441
PRI,630,NA1,1996,1996-0201,1996248N15319,500000000.0,2014,1129729966.0,419465923.8866163,25.7,74.7000000000007,1.0,-0.9907516227054963,1996-0201PRI,0.37129751047660203
TCA,796,NA1,2008,2008-0384,2008245N17323,500000000.0,2014,500000000.0,5685603.217579016,25.7,74.7000000000007,1.0,-4.476670869974571,2008-0384TCA,0.011371206435158033
TCA,796,NA1,2017,2017-0381,2017242N16333,500000000.0,2014,500000000.0,123211797.20642865,25.7,74.7000000000007,1.0,-1.4007032953614507,2017-0381TCA,0.2464235944128573
TTO,780,NA1,2004,2004-0462,2004247N10332,1000000.0,2014,2048171.488,2137848.458734856,25.7,74.7000000000007,1.0,0.04285249212580394,2004-0462TTO,1.0437839171476915
VCT,670,NA1,2010,2010-0571,2010302N09306,25000000.0,2014,26706058.15,1791649.023227847,25.7,74.7000000000007,1.0,-2.7017539988763235,2010-0571VCT,0.06708773766479076
VGB,92,NA1,2017,2017-0381,2017242N16333,3000000000.0,2014,3000000000.0,316687851.20809627,25.7,74.7000000000007,1.0,-2.2484509754094955,2017-0381VGB,0.10556261706936543
VGB,92,NA1,1996,1996-0325,1996187N10326,2000000.0,2014,2000000.0,33189074.08124639,25.7,74.7000000000007,1.0,2.809073547260842,1996-0325VGB,16.594537040623194
VIR,850,NA1,1989,1989-0115,1989254N13340,21800000.0,2014,58754072.56,954436947.732998,25.7,74.7000000000007,1.0,2.7877611122904127,1989-0115VIR,16.24460920148678
CHN,156,WP3,1994,1994-0163,1994186N09139,96300000.0,2014,1788779559.0,17785595386.56821,25.7,74.7000000000007,1.0,2.296855305034976,1994-0163CHN,9.942865959688781
CHN,156,WP3,1993,1993-0466,1993298N11154,15890000.0,2014,374529293.1,4199610.197994031,25.7,74.7000000000007,1.0,-4.490678308143157,1993-0466CHN,0.011213035336258004
CHN,156,WP3,2010,2010-0543,2010285N13145,420000000.0,2014,721663688.8,141071249.54056007,25.7,74.7000000000007,1.0,-1.6322941467462488,2010-0543CHN,0.19548059813725255
CHN,156,WP3,2013,2013-0306,2013228N23124,376000000.0,2014,410250840.0,1961808634.5943122,25.7,74.7000000000007,1.0,1.5648533219836256,2013-0306CHN,4.78197347406848
CHN,156,WP3,1994,1994-0138,1994153N19113,700000.0,2014,13002551.31,272507183.81858724,25.7,74.7000000000007,1.0,3.0425193835713245,1994-0138CHN,20.95797796306387
CHN,156,WP3,2013,2013-0272,2013220N12137,2120000000.0,2014,2313116438.0,2125474762.0819604,25.7,74.7000000000007,1.0,-0.08460052779259541,2013-0272CHN,0.9188792778281922
CHN,156,WP3,2010,2010-0484,2010256N17137,298285000.0,2014,512527270.1,1258728606.2936044,25.7,74.7000000000007,1.0,0.8985035283469907,2010-0484CHN,2.455925137501487
CHN,156,WP3,2003,2003-0594,2003316N11141,196938000.0,2014,1243385148.0,233289290.24969703,25.7,74.7000000000007,1.0,-1.6733136246101543,2003-0594CHN,0.18762431787523412
CHN,156,WP3,2007,2007-0457,2007257N16134,638000000.0,2014,1882716826.0,6319413706.799439,25.7,74.7000000000007,1.0,1.210910582070773,2007-0457CHN,3.3565396662575107
CHN,156,WP3,1996,1996-0168,1996203N12152,72000000.0,2014,873787160.8,19979306005.06173,25.7,74.7000000000007,1.0,3.129615494231054,1996-0168CHN,22.865186056029458
CHN,156,WP3,2008,2008-0426,2008262N16142,824000000.0,2014,1878444430.0,22912244825.5278,25.7,74.7000000000007,1.0,2.5012274727119164,2008-0426CHN,12.197456820975962
CHN,156,WP3,2005,2005-0492,2005237N14148,1900000000.0,2014,8712512761.0,56931549.92901399,25.7,74.7000000000007,1.0,-5.030665851980994,2005-0492CHN,0.006534458139775457
CHN,156,WP3,2007,2007-0552,2007274N18131,1077788000.0,2014,3180516618.0,10401268.855317324,25.7,74.7000000000007,1.0,-5.72287111704558,2007-0552CHN,0.003270307973381362
CHN,156,WP3,2013,2013-0258,2013178N09133,177000000.0,2014,193123400.7,550161262.6324542,25.7,74.7000000000007,1.0,1.0468820735840016,2013-0258CHN,2.848755048007262
CHN,156,WP3,2005,2005-0540,2005262N13127,1040000000.0,2014,4768954354.0,624471817.9705162,25.7,74.7000000000007,1.0,-2.0329761456554927,2005-0540CHN,0.13094522857966448
CHN,156,WP3,1990,1990-0402,1990235N10152,688000000.0,2014,19985350911.0,35001690372.61999,25.7,74.7000000000007,1.0,0.5603968059555795,1990-0402CHN,1.7513673154147595
CHN,156,WP3,1997,1997-0168,1997210N15120,579700000.0,2014,6319265945.0,26791711225.214302,25.7,74.7000000000007,1.0,1.4444895035677803,1997-0168CHN,4.2396872450688265
CHN,156,WP3,2006,2006-0410,2006209N13130,900000000.0,2014,3427937205.0,83840571.8391862,25.7,74.7000000000007,1.0,-3.7107969201380597,2006-0410CHN,0.024458024410976983
CHN,156,WP3,2003,2003-0346,2003196N04150,100000000.0,2014,631358675.5,6267934649.565843,25.7,74.7000000000007,1.0,2.2953280523993027,2003-0346CHN,9.927692281415151
CHN,156,WP3,2017,2017-0281,2017195N16114,3600000.0,2014,3083629.94,583027.6265597594,25.7,74.7000000000007,1.0,-1.6656281618457816,2017-0281CHN,0.18907185294736092
CHN,156,WP3,2000,2000-0533,2000230N08139,69443000.0,2014,600923967.1,102205499385.46733,25.7,74.7000000000007,1.0,5.136272349454818,2000-0533CHN,170.08058420219288
CHN,156,WP3,2012,2012-0406,2012296N06135,197000000.0,2014,241226084.0,36230441.06871109,25.7,74.7000000000007,1.0,-1.8958349226639084,2012-0406CHN,0.15019288324023486
CHN,156,WP3,2005,2005-0565,2005268N19146,150000000.0,2014,687829954.8,17240867875.755074,25.7,74.7000000000007,1.0,3.2214962351080243,2005-0565CHN,25.06559616288912
CHN,156,WP3,1999,1999-0625,1999230N12129,18000000.0,2014,172470904.3,60115095542.395325,25.7,74.7000000000007,1.0,5.853787711214522,1999-0625CHN,348.552098027095
CHN,156,WP3,2008,2008-0369,2008229N13147,58000000.0,2014,132220603.1,214667456.99991292,25.7,74.7000000000007,1.0,0.4846183558738851,2008-0369CHN,1.6235552702596387
CHN,156,WP3,2010,2010-0308,2010191N12138,500000.0,2014,859123.4391,602437980.7258487,25.7,74.7000000000007,1.0,6.552827389902427,2010-0308CHN,701.2240072939347
CHN,156,WP3,2015,2015-0490,2015273N12130,4200000000.0,2014,3978968885.0,28748699577.029118,25.7,74.7000000000007,1.0,1.9775698225067762,2015-0490CHN,7.225163203815583
CHN,156,WP3,2015,2015-0278,2015183N13130,213000000.0,2014,201790564.9,5059526347.081173,25.7,74.7000000000007,1.0,3.221797798485022,2015-0278CHN,25.073156168567586
CHN,156,WP3,2006,2006-0251,2006128N09138,475000000.0,2014,1809189080.0,5487107687.566862,25.7,74.7000000000007,1.0,1.1095225610440635,2006-0251CHN,3.032910019314765
CHN,156,WP3,2012,2012-0282,2012215N23146,1500000000.0,2014,1836746833.0,397145590.9528238,25.7,74.7000000000007,1.0,-1.5314483189578758,2012-0282CHN,0.21622228159999438
CHN,156,WP3,1993,1993-0464,1993253N06150,263670000.0,2014,6214734972.0,3424052702.062772,25.7,74.7000000000007,1.0,-0.5960982306524166,1993-0464CHN,0.5509571554522553
CHN,156,WP3,1986,1986-0081,1986179N11175,380000000.0,2014,13244203233.0,1353562040.1469965,25.7,74.7000000000007,1.0,-2.2808202990057307,1986-0081CHN,0.10220033748609243
CHN,156,WP3,2014,2014-0390,2014254N10142,2900000000.0,2014,2900000000.0,3733826287.654445,25.7,74.7000000000007,1.0,0.25272278525983305,2014-0390CHN,1.2875263060877398
CHN,156,WP3,2011,2011-0379,2011266N13139,219000000.0,2014,303152614.2,265047370.37663555,25.7,74.7000000000007,1.0,-0.13432778978479884,2011-0379CHN,0.8743034298948017
CHN,156,WP3,2017,2017-0352,2017232N19130,3500000000.0,2014,2997973553.0,40808961769.99446,25.7,74.7000000000007,1.0,2.6109651304218744,2017-0352CHN,13.612182045154439
CHN,156,WP3,2012,2012-0259,2012201N15129,329000000.0,2014,402859805.3,7885807731.152736,25.7,74.7000000000007,1.0,2.9742313093489674,2012-0259CHN,19.574570675474472
CHN,156,WP3,1990,1990-0390,1990202N13130,83000000.0,2014,2411023438.0,649281034.5100594,25.7,74.7000000000007,1.0,-1.3119409494563727,1990-0390CHN,0.2692968572087599
CHN,156,WP3,2005,2005-0510,2005248N08142,1750000000.0,2014,8024682806.0,27200178066.444508,25.7,74.7000000000007,1.0,1.2207013773381528,2005-0510CHN,3.389564263662499
CHN,156,WP3,2006,2006-0437,2006216N07151,2510000000.0,2014,9560135983.0,15280809674.360874,25.7,74.7000000000007,1.0,0.4689958203689142,2006-0437CHN,1.5983883180671776
CHN,156,WP3,1990,1990-0038,1990171N11148,28000000.0,2014,813357304.5,3616928034.9813476,25.7,74.7000000000007,1.0,1.4922098334953602,1990-0038CHN,4.446911603264943
CHN,156,WP3,1994,1994-0198,1994224N20152,1150000000.0,2014,21361334294.0,41466159438.21616,25.7,74.7000000000007,1.0,0.6632951802762149,1994-0198CHN,1.9411783396818632
CHN,156,WP3,2016,2016-0342,2016253N13144,2300000000.0,2014,2154362604.0,28852408408.980064,25.7,74.7000000000007,1.0,2.594698565450901,2016-0342CHN,13.392549775701577
CHN,156,WP3,2006,2006-0388,2006198N08152,367000000.0,2014,1397836616.0,33999132.54908016,25.7,74.7000000000007,1.0,-3.7163460351215822,2006-0388CHN,0.024322679889707627
CHN,156,WP3,2013,2013-0249,2013187N20156,460000000.0,2014,501902623.4,322290426.90541375,25.7,74.7000000000007,1.0,-0.44295303763893357,2013-0249CHN,0.6421373626663809
CHN,156,WP3,2015,2015-0244,2015180N09160,940000000.0,2014,890531131.4,12737560.471151492,25.7,74.7000000000007,1.0,-4.247262915552239,2015-0244CHN,0.014303329801763168
CHN,156,WP3,1999,1999-0392,1999275N16135,241600000.0,2014,2314942804.0,21533845985.554256,25.7,74.7000000000007,1.0,2.2302409486782184,1999-0392CHN,9.302107139902475
CHN,156,WP3,2012,2012-0294,2012225N16133,262000000.0,2014,320818446.7,3664170075.4303226,25.7,74.7000000000007,1.0,2.4354817661623143,2012-0294CHN,11.4213197935489
CHN,156,WP3,2008,2008-0155,2008104N08128,49000000.0,2014,111703612.9,455867137.2714708,25.7,74.7000000000007,1.0,1.4063523512011245,2008-0155CHN,4.081042013203055
CHN,156,WP3,2017,2017-0485,2017236N15129,56000000.0,2014,47967576.85,7072506120.405085,25.7,74.7000000000007,1.0,4.993444868180786,2017-0485CHN,147.4434729634479
CHN,156,WP3,2009,2009-0422,2009270N10148,35000000.0,2014,71797721.06,2343463.168977075,25.7,74.7000000000007,1.0,-3.422222913428089,2009-0422CHN,0.032639798789973945
CHN,156,WP3,2015,2015-0458,2015263N14148,661000000.0,2014,626213912.6,4371601619.359447,25.7,74.7000000000007,1.0,1.9431926980817311,2015-0458CHN,6.981003665678453
CHN,156,WP3,2003,2003-0443,2003240N20139,241000000.0,2014,1521574408.0,160351300905.22247,25.7,74.7000000000007,1.0,4.657621445487107,2003-0443CHN,105.38511955914973
CHN,156,WP3,1990,1990-0037,1990166N06141,16000000.0,2014,464775602.6,16674809.139526555,25.7,74.7000000000007,1.0,-3.327655568226049,1990-0037CHN,0.03587711800328169
CHN,156,WP3,1993,1993-0199,1993224N07153,433920000.0,2014,10227548827.0,5214594561.358439,25.7,74.7000000000007,1.0,-0.6736236041749819,1993-0199CHN,0.5098577038901326
CHN,156,WP3,1995,1995-0188,1995236N10134,87000000.0,2014,1241534250.0,169887331758.54892,25.7,74.7000000000007,1.0,4.918787549788824,1995-0188CHN,136.83660499784756
CHN,156,WP3,2014,2014-0240,2014197N10137,500000000.0,2014,500000000.0,61149291.73492279,25.7,74.7000000000007,1.0,-2.101289818777628,2014-0240CHN,0.12229858346984558
CHN,156,WP3,1990,1990-0405,1990245N16149,154000000.0,2014,4473465175.0,17345731282.293537,25.7,74.7000000000007,1.0,1.355183125275566,1990-0405CHN,3.877470954558965
CHN,156,WP3,1999,1999-0301,1999241N12133,277900000.0,2014,2662759128.0,194380993.73691183,25.7,74.7000000000007,1.0,-2.617298011948718,1999-0301CHN,0.07299984128977957
CHN,156,WP3,1987,1987-0159,1987245N15133,120000000.0,2014,4608092264.0,140905989.86097175,25.7,74.7000000000007,1.0,-3.487476295310233,1987-0159CHN,0.030577944578449038
CHN,156,WP3,2015,2015-0339,2015211N13162,1282690000.0,2014,1215186571.0,463410852.9020332,25.7,74.7000000000007,1.0,-0.9640388684808867,2015-0339CHN,0.38134955072839855
CHN,156,WP3,2009,2009-0399,2009254N14130,295001000.0,2014,605154271.7,920477652.2443196,25.7,74.7000000000007,1.0,0.4194093024634057,2009-0399CHN,1.521062802148802
CHN,156,WP3,2008,2008-0292,2008206N22133,73000000.0,2014,166415586.6,526142025.7850111,25.7,74.7000000000007,1.0,1.1510829938178697,2008-0292CHN,3.161615065839098
CHN,156,WP3,2013,2013-0429,2013272N10135,6700000000.0,2014,7310320819.0,292207272.28253335,25.7,74.7000000000007,1.0,-3.2195790524314165,2013-0429CHN,0.03997188078573345
CHN,156,WP3,2001,2001-0405,2001206N14134,40000000.0,2014,313047801.0,347835661.7191627,25.7,74.7000000000007,1.0,0.1053742340668858,2001-0405CHN,1.111126353892397
CHN,156,WP3,2016,2016-0350,2016266N11144,830000000.0,2014,777443896.3,712779173.5232033,25.7,74.7000000000007,1.0,-0.0868398244609914,2016-0350CHN,0.916823936640897
CHN,156,WP3,2014,2014-0227,2014190N08154,4232973000.0,2014,4232973000.0,34714068010.99354,25.7,74.7000000000007,1.0,2.104240439913871,2014-0227CHN,8.200871588595897
CHN,156,WP3,2008,2008-0249,2008169N08135,175000000.0,2014,398941474.7,754468443.1089315,25.7,74.7000000000007,1.0,0.637198726246459,2008-0249CHN,1.8911757512208633
CHN,156,WP3,2013,2013-0341,2013210N13123,20000000.0,2014,21821853.19,58427041.5009648,25.7,74.7000000000007,1.0,0.9848669144686594,2013-0341CHN,2.6774555301169083
CHN,156,WP3,2007,2007-0380,2007223N19136,890555000.0,2014,2627998249.0,444731765.1421076,25.7,74.7000000000007,1.0,-1.7765063878553096,2007-0380CHN,0.16922833388923905
USA,840,NA2,2012,2012-0313,2012234N16315,2000000000.0,2014,2163578370.0,2294684603.9202657,25.7,74.7000000000007,1.0,0.058831902844445144,2012-0313USA,1.0605969424256472
USA,840,NA2,1999,1999-0435,1999286N16278,100000000.0,2014,181372828.5,13400760853.241484,25.7,74.7000000000007,1.0,4.302512025719846,1999-0435USA,73.88516220466553
USA,840,NA2,1991,1991-0218,1991228N26286,1500000000.0,2014,4256954560.0,9803589978.717316,25.7,74.7000000000007,1.0,0.8341946303497012,1991-0218USA,2.302958568276875
USA,840,NA2,2005,2005-0351,2005186N12299,2230000000.0,2014,2984138801.0,15106733673.264862,25.7,74.7000000000007,1.0,1.6218293867064606,2005-0351USA,5.062342833450816
USA,840,NA2,2016,2016-0322,2016242N24279,600000000.0,2014,561979044.5,971265388.5594788,25.7,74.7000000000007,1.0,0.5471351838010726,2016-0322USA,1.7282946723104704
USA,840,NA2,2014,2014-0310,2014212N11242,66000000.0,2014,66000000.0,858668.491152616,25.7,74.7000000000007,1.0,-4.342027097665148,2014-0310USA,0.013010128653827516
USA,840,NA2,2011,2011-0328,2011233N15301,7300000000.0,2014,8229569135.0,150974415789.5366,25.7,74.7000000000007,1.0,2.9093767302607523,2011-0328USA,18.345360894709415
USA,840,NA2,2005,2005-0585,2005289N18282,14300000000.0,2014,19135957336.0,122348371708.84225,25.7,74.7000000000007,1.0,1.855303333080636,2005-0585USA,6.3936373582246295
USA,840,NA2,2004,2004-0455,2004238N11325,11000000000.0,2014,15701861306.0,24649817805.7622,25.7,74.7000000000007,1.0,0.4509902493648907,2004-0455USA,1.5698659748282837
USA,840,NA2,1999,1999-0298,1999231N20266,70000000.0,2014,126960980.0,1118796581.7972622,25.7,74.7000000000007,1.0,2.1761291109279695,1999-0298USA,8.8121293786269
USA,840,NA2,1992,1992-0271,1992249N12229,5000000000.0,2014,13397267047.0,50426903.43651243,25.7,74.7000000000007,1.0,-5.582281182420437,1992-0271USA,0.0037639694170166103
USA,840,NA2,2008,2008-0378,2008241N19303,160000000.0,2014,190472120.2,10202627946.775743,25.7,74.7000000000007,1.0,3.9808947747288768,2008-0378USA,53.56494134712606
USA,840,NA2,2017,2017-0362,2017228N14314,95000000000.0,2014,85426343701.0,3883188879.3804436,25.7,74.7000000000007,1.0,-3.090997835267794,2017-0362USA,0.045456573594814725
USA,840,NA2,2002,2002-0724,2002265N10315,2000000000.0,2014,3192297819.0,8526659426.917289,25.7,74.7000000000007,1.0,0.9824566814837997,2002-0724USA,2.6710100092065656
USA,840,NA2,2003,2003-0782,2003179N20271,50000000.0,2014,76110891.03,206298109.5233472,25.7,74.7000000000007,1.0,0.9971308869641377,2003-0782USA,2.710493948126719
USA,840,NA2,2005,2005-0547,2005261N21290,16000000000.0,2014,21410861355.0,8763266457.815977,25.7,74.7000000000007,1.0,-0.8933296144693172,2005-0547USA,0.4092907012248493
USA,840,NA2,2011,2011-0456,2011245N27269,750000000.0,2014,845503678.2,21281083.329623006,25.7,74.7000000000007,1.0,-3.68211394712982,2011-0456USA,0.025169711118144967
USA,840,NA2,2017,2017-0410,2017277N11279,250000000.0,2014,224806167.6,511797589.71487415,25.7,74.7000000000007,1.0,0.8226906607006045,2017-0410USA,2.2766172084100513
USA,840,NA2,1985,1985-0111,1985260N13336,900000000.0,2014,3627912888.0,75110029884.6672,25.7,74.7000000000007,1.0,3.0302965826372525,1985-0111USA,20.70337193958203
USA,840,NA2,2008,2008-0304,2008203N18276,1200000000.0,2014,1428540902.0,3474966378.129377,25.7,74.7000000000007,1.0,0.8889312285010755,2008-0304USA,2.432528444417881
USA,840,NA2,2008,2008-0384,2008245N17323,30000000000.0,2014,35713522539.0,49567060060.745575,25.7,74.7000000000007,1.0,0.32779710176190674,2008-0384USA,1.387907339765132
USA,840,NA2,2004,2004-0415,2004223N11301,16000000000.0,2014,22839070991.0,106620864135.41124,25.7,74.7000000000007,1.0,1.540806506866272,2004-0415USA,4.668353812527069
USA,840,NA2,1999,1999-0619,1999236N22292,62500000.0,2014,113358017.8,34411375.4205466,25.7,74.7000000000007,1.0,-1.1921639187975308,1999-0619USA,0.30356366570611115
USA,840,NA2,1982,1982-0124,1982324N10193,230000000.0,2014,1204787041.0,17157785.833766058,25.7,74.7000000000007,1.0,-4.251606045777353,1982-0124USA,0.014241343282979468
USA,840,NA2,1999,1999-0327,1999251N15314,7000000000.0,2014,12696097995.0,21554094592.08144,25.7,74.7000000000007,1.0,0.529271101007053,1999-0327USA,1.6976944097761306
USA,840,NA2,1992,1992-0066,1992230N11325,26500000000.0,2014,71005515347.0,169923567685.44916,25.7,74.7000000000007,1.0,0.872591179130777,1992-0066USA,2.3931037871500846
USA,840,NA2,2017,2017-0381,2017242N16333,57000000000.0,2014,51255806221.0,84223305231.39195,25.7,74.7000000000007,1.0,0.4966427634528788,2017-0381USA,1.6431954044044448
USA,840,NA2,2004,2004-0448,2004241N32282,62500000.0,2014,89215121.06,76383879.72915648,25.7,74.7000000000007,1.0,-0.15527886822944365,2004-0448USA,0.8561763837969338
USA,840,NA2,1985,1985-0126,1985299N25270,1500000000.0,2014,6046521480.0,5412434540.014339,25.7,74.7000000000007,1.0,-0.1107841456734594,1985-0126USA,0.8951319461804573
USA,840,NA2,2008,2008-0338,2008229N18293,180000000.0,2014,214281135.2,90163465.55366954,25.7,74.7000000000007,1.0,-0.8656645619292076,2008-0338USA,0.42077183075176067
USA,840,NA2,2005,2005-0467,2005236N23285,125000000000.0,2014,167272000000.0,44140756265.09901,25.7,74.7000000000007,1.0,-1.332237695959281,2005-0467USA,0.26388610326354084
USA,840,NA2,1989,1989-0115,1989254N13340,7000000000.0,2014,21678841358.0,118944793547.63942,25.7,74.7000000000007,1.0,1.7023227334530806,1989-0115USA,5.486676690114991
USA,840,NA2,1980,1980-0080,1980214N11330,860000000.0,2014,5264166323.0,22385653806.68644,25.7,74.7000000000007,1.0,1.4474975087849493,1980-0080USA,4.252459446214659
USA,840,NA2,2012,2012-0410,2012296N14283,50000000000.0,2014,54089459244.0,139203104925.64078,25.7,74.7000000000007,1.0,0.9452947246562567,2012-0410USA,2.573571761878581
USA,840,NA2,2006,2006-0466,2006237N13298,32860000.0,2014,41553786.12,267622897.5629564,25.7,74.7000000000007,1.0,1.862590251800482,2006-0466USA,6.440397435509456
USA,840,NA2,1983,1983-0110,1983228N27270,3000000000.0,2014,14448395154.0,79347834865.83101,25.7,74.7000000000007,1.0,1.7032578143416268,1983-0110USA,5.4918095760873324
USA,840,NA2,1995,1995-0404,1995212N22287,700000000.0,2014,1600355804.0,24043724400.910503,25.7,74.7000000000007,1.0,2.7096480408064854,1995-0404USA,15.023986753954688
USA,840,NA2,1985,1985-0104,1985240N20286,1100000000.0,2014,4434115752.0,10132440225.65954,25.7,74.7000000000007,1.0,0.8264139638327769,1985-0104USA,2.2851095443526304
USA,840,NA2,2003,2003-0468,2003249N14329,3370000000.0,2014,5129874055.0,12856495224.218248,25.7,74.7000000000007,1.0,0.9187680403575319,2003-0468USA,2.506200948868763
USA,840,NA2,2008,2008-0352,2008238N13293,7000000000.0,2014,8333155259.0,8553239607.513791,25.7,74.7000000000007,1.0,0.02606794559546551,2008-0352USA,1.0264106861894953
CAN,124,NA2,2003,2003-0487,2003268N28298,110000000.0,2014,221788181.9,756467069.7996203,25.7,74.7000000000007,1.0,1.2269362117947362,2003-0487CAN,3.410763654398396
CAN,124,NA2,1996,1996-0201,1996248N15319,100000.0,2014,286258.6963,18009948.208534613,25.7,74.7000000000007,1.0,4.141783627965529,1996-0201CAN,62.91493827548258
CAN,124,NA2,1995,1995-0192,1995240N11337,100000000.0,2014,297876572.4,5629047558.265201,25.7,74.7000000000007,1.0,2.9390163200937356,1995-0192CAN,18.89724832306148
BGD,50,NI,1994,1994-0044,1994117N07096,125000000.0,2014,639962654.8,125765572.19669454,25.7,74.7000000000007,1.0,-1.6269901868970396,1994-0044BGD,0.19652017387795634
BGD,50,NI,1985,1985-0063,1985143N16088,50000000.0,2014,388010978.9,367095552.418426,25.7,74.7000000000007,1.0,-0.05541146037724041,1985-0063BGD,0.9460957869262653
BGD,50,NI,2016,2016-0175,2016138N10081,600000000.0,2014,468492129.6,29493262.44706013,25.7,74.7000000000007,1.0,-2.7653574567558037,2016-0175BGD,0.06295359213876563
BGD,50,NI,2007,2007-0556,2007314N10093,2300000000.0,2014,4994688046.0,6192984748.475408,25.7,74.7000000000007,1.0,0.21504220235212002,2007-0556BGD,1.2399142231585543
BGD,50,NI,1991,1991-0120,1991113N10091,1780000000.0,2014,9940604678.0,6459329100.254239,25.7,74.7000000000007,1.0,-0.43110239366356834,1991-0120BGD,0.6497923727466671
IND,356,NI,2011,2011-0566,2011360N09088,375625000.0,2014,420146061.5,1092687484.3923905,25.7,74.7000000000007,1.0,0.9557931063769703,2011-0566IND,2.6007324226515225
IND,356,NI,1994,1994-0352,1994302N11086,19100000.0,2014,119004702.0,185396628.12873137,25.7,74.7000000000007,1.0,0.44333446102247875,1994-0352IND,1.5578933018019017
IND,356,NI,1996,1996-0256,1996306N15097,1500300000.0,2014,7786525250.0,9849534684.230804,25.7,74.7000000000007,1.0,0.23502950614852108,1996-0256IND,1.264946091869516
IND,356,NI,1982,1982-0313,1982150N13087,120000000.0,2014,1219117208.0,40746034.45120822,25.7,74.7000000000007,1.0,-3.3985237549316927,1982-0313IND,0.03342257346859484
IND,356,NI,1995,1995-0275,1995310N09096,46300000.0,2014,262049202.8,861196638.749179,25.7,74.7000000000007,1.0,1.1897905794214072,1995-0275IND,3.2863928970104808
IND,356,NI,2013,2013-0401,2013281N12098,633471000.0,2014,695703513.0,1383415955.0464346,25.7,74.7000000000007,1.0,0.6873874668054797,2013-0401IND,1.9885136831937122
IND,356,NI,1990,1990-0019,1990124N09088,580000000.0,2014,3684645392.0,3571609395.1829343,25.7,74.7000000000007,1.0,-0.031157985706347056,1990-0019IND,0.9693224218909949
IND,356,NI,1982,1982-0120,1982309N11064,625420000.0,2014,6353835704.0,1350662138.8635347,25.7,74.7000000000007,1.0,-1.5484637329752269,1982-0120IND,0.2125742939832765
IND,356,NI,2009,2009-0609,2009313N11072,300000000.0,2014,455879199.2,25755272.62203101,25.7,74.7000000000007,1.0,-2.8735884922138912,2009-0609IND,0.05649582755086802
IND,356,NI,1998,1998-0183,1998152N11075,469000000.0,2014,2269722074.0,1437406895.2076564,25.7,74.7000000000007,1.0,-0.45681666659577996,1998-0183IND,0.6332964338115946
IND,356,NI,1993,1993-0085,1993331N07108,100000000.0,2014,730095393.3,1491498469.21408,25.7,74.7000000000007,1.0,0.7143613762558751,1993-0085IND,2.042881632867961
IND,356,NI,2016,2016-0485,2016341N08092,1000000000.0,2014,890280689.2,5528429516.403085,25.7,74.7000000000007,1.0,1.8261222666378412,2016-0485IND,6.209760116633432
IND,356,NI,1999,1999-0425,1999298N12099,2500000000.0,2014,11110705411.0,15295401297.654146,25.7,74.7000000000007,1.0,0.3196431194625099,1999-0425IND,1.3766363819268528
IND,356,NI,2003,2003-0605,2003345N05092,28000000.0,2014,93953651.91,84014558.11652002,25.7,74.7000000000007,1.0,-0.11181150114869073,2003-0605IND,0.8942127997004222
IND,356,NI,1999,1999-0401,1999288N15093,470000000.0,2014,2088812617.0,2133939318.410622,25.7,74.7000000000007,1.0,0.021373938171603386,1999-0401IND,1.0216039969518347
IND,356,NI,1984,1984-0110,1984314N09088,35000000.0,2014,336397308.3,5718964274.898777,25.7,74.7000000000007,1.0,2.8332500705761956,1984-0110IND,17.00062436230491
IND,356,NI,1999,1999-0177,1999135N12073,20000000.0,2014,88885643.29,6355370.150084463,25.7,74.7000000000007,1.0,-2.638050488243084,1999-0177IND,0.07150052488622162
IND,356,NI,2014,2014-0392,2014279N11096,7000000000.0,2014,7000000000.0,4835374817.520116,25.7,74.7000000000007,1.0,-0.36995150143389904,2014-0392IND,0.6907678310743023
IND,356,NI,1983,1983-0129,1983274N18089,510000000.0,2014,4764703292.0,42942087.98207229,25.7,74.7000000000007,1.0,-4.709138129103194,1983-0129IND,0.009012541883599052
LKA,144,NI,2017,2017-0508,2017333N06082,346000000.0,2014,314311010.2,16962636.857144907,25.7,74.7000000000007,1.0,-2.9193698807059216,2017-0508LKA,0.05396768266676809
MMR,104,NI,2010,2010-0554,2010293N17093,57000000.0,2014,75300204.74,18750927.23339105,25.7,74.7000000000007,1.0,-1.3902396501516447,2010-0554MMR,0.2490156208490417
MMR,104,NI,2004,2004-0235,2004136N15090,688000.0,2014,4260951.721,254328.24963344113,25.7,74.7000000000007,1.0,-2.818622068915374,2004-0235MMR,0.05968813220295136
MMR,104,NI,2008,2008-0184,2008117N11090,4000000000.0,2014,8216064485.0,554535245.6520715,25.7,74.7000000000007,1.0,-2.6957162325737234,2008-0184MMR,0.06749402304040844
OMN,512,NI,2007,2007-0164,2007151N14072,3900000000.0,2014,7513292712.0,76336059.20729405,25.7,74.7000000000007,1.0,-4.589283667957176,2007-0164OMN,0.010160133796647167
OMN,512,NI,2010,2010-0210,2010151N14065,1000000000.0,2014,1382561646.0,75350616.3887001,25.7,74.7000000000007,1.0,-2.9095412172573343,2010-0210OMN,0.05450072812789434
YEM,887,NI,2015,2015-0484,2015301N11065,200000000.0,2014,189625777.2,118156561.57817468,25.7,74.7000000000007,1.0,-0.47304199818704246,2015-0484YEM,0.6231039013939224
MYS,458,WP1,1996,1996-0282,1996356N08110,52000000.0,2014,174301945.6,29992320.91557588,25.7,74.7000000000007,1.0,-1.7598477354118447,1996-0282MYS,0.1720710621578735
THA,764,WP1,1991,1991-0710,1991220N10133,8323000.0,2014,34512098.63,200401.65919978448,25.7,74.7000000000007,1.0,-5.148741577854922,1991-0710THA,0.0058067074201504296
THA,764,WP1,1997,1997-0267,1997298N06140,5000000.0,2014,13561680.42,4909640.7788035385,25.7,74.7000000000007,1.0,-1.0160474216227557,1997-0267THA,0.3620230404163689
VNM,704,WP1,2001,2001-0624,2001309N10130,55000000.0,2014,313330079.3,125310928.83667085,25.7,74.7000000000007,1.0,-0.9164591218686888,2001-0624VNM,0.39993264967290626
VNM,704,WP1,2007,2007-0463,2007272N17125,191000000.0,2014,459411646.6,9083358.17937267,25.7,74.7000000000007,1.0,-3.923502673915634,2007-0463VNM,0.019771719429832735
VNM,704,WP1,2008,2008-0552,2008320N08122,1000000.0,2014,1878382.747,9933359.677993972,25.7,74.7000000000007,1.0,1.6654875913219516,2008-0552VNM,5.288251126592131
VNM,704,WP1,2004,2004-0580,2004319N10134,23000000.0,2014,94274912.3,816815.8519587396,25.7,74.7000000000007,1.0,-4.748556717813596,2004-0580VNM,0.008664191056041317
VNM,704,WP1,2006,2006-0648,2006329N06150,456000000.0,2014,1279300767.0,1546945730.4091198,25.7,74.7000000000007,1.0,0.18996883755120175,2006-0648VNM,1.2092119150657241
VNM,704,WP1,1992,1992-0143,1992289N08135,18000000.0,2014,339686537.9,30787135.440836623,25.7,74.7000000000007,1.0,-2.400926322767992,1992-0143VNM,0.0906339580931524
VNM,704,WP1,1997,1997-0358,1997261N13114,5000000.0,2014,34683119.29,728291564.2529013,25.7,74.7000000000007,1.0,3.044448375572653,1997-0358VNM,20.998444752427034
VNM,704,WP1,2005,2005-0540,2005262N13127,219250000.0,2014,708364809.8,6629125.1617039535,25.7,74.7000000000007,1.0,-4.671486385053927,2005-0540VNM,0.009358349073799451
VNM,704,WP1,2009,2009-0478,2009299N12153,280000000.0,2014,491793332.5,45372808.95371214,25.7,74.7000000000007,1.0,-2.3831455684521687,2009-0478VNM,0.09225991072929429
VNM,704,WP1,2010,2010-0432,2010233N17119,44000000.0,2014,70670931.39,1466890.259216929,25.7,74.7000000000007,1.0,-3.874889643938459,2010-0432VNM,0.020756628367069964
VNM,704,WP1,2005,2005-0536,2005257N15120,20000000.0,2014,64617086.41,2880819.327018238,25.7,74.7000000000007,1.0,-3.110404129089961,2005-0536VNM,0.04458293443841208
VNM,704,WP1,2017,2017-0281,2017195N16114,71000000.0,2014,59078283.51,90423.71901797359,25.7,74.7000000000007,1.0,-6.482112071066877,2017-0281VNM,0.0015305745808046006
VNM,704,WP1,1993,1993-0088,1993322N09137,15000000.0,2014,211901951.8,295828357.6823651,25.7,74.7000000000007,1.0,0.3336557372577606,1993-0088VNM,1.396062448549684
VNM,704,WP1,2001,2001-0436,2001220N17118,3200000.0,2014,18230113.7,89497.88475666662,25.7,74.7000000000007,1.0,-5.316615113627486,2001-0436VNM,0.004909343201554834
VNM,704,WP1,1995,1995-0274,1995294N05163,21200000.0,2014,190369759.5,206609022.1446508,25.7,74.7000000000007,1.0,0.08185994177006346,1995-0274VNM,1.0853037934559706
VNM,704,WP1,2012,2012-0406,2012296N06135,336000000.0,2014,401519462.3,1377084688.9329813,25.7,74.7000000000007,1.0,1.2324679931459472,2012-0406VNM,3.429683535250593
VNM,704,WP1,2005,2005-0611,2005301N13117,11000000.0,2014,35539397.53,25678283.08745903,25.7,74.7000000000007,1.0,-0.32499625207594457,2005-0611VNM,0.7225300616247963
VNM,704,WP1,2010,2010-0308,2010191N12138,500000.0,2014,803078.7658,18402707.655166894,25.7,74.7000000000007,1.0,3.131800289391926,2010-0308VNM,22.915196415179445
VNM,704,WP1,1998,1998-0374,1998315N09116,93200000.0,2014,637799612.8,7614173.626566071,25.7,74.7000000000007,1.0,-4.4280126861944265,1998-0374VNM,0.011938191045835128
VNM,704,WP1,2000,2000-0582,2000248N17117,21000000.0,2014,125440545.4,9134847.935224036,25.7,74.7000000000007,1.0,-2.6197353611869993,2000-0582VNM,0.07282213184018917
VNM,704,WP1,2014,2014-0390,2014254N10142,4500000.0,2014,4500000.0,16245925.171249205,25.7,74.7000000000007,1.0,1.283764721861898,2014-0390VNM,3.6102055936109343
VNM,704,WP1,1996,1996-0227,1996260N19107,11000000.0,2014,83068179.11,21247590.50341784,25.7,74.7000000000007,1.0,-1.3634182047966446,1996-0227VNM,0.25578495557584685
VNM,704,WP1,2017,2017-0422,2017304N11127,1000000000.0,2014,832088500.2,280732109.1405391,25.7,74.7000000000007,1.0,-1.0865379392430088,2017-0422VNM,0.33738251288542337
VNM,704,WP1,1996,1996-0110,1996202N17115,362000000.0,2014,2733698258.0,2123991414.1897426,25.7,74.7000000000007,1.0,-0.2523583046269778,1996-0110VNM,0.7769662975692405
VNM,704,WP1,1992,1992-0061,1992174N13126,400000.0,2014,7548589.73,200430281.44361228,25.7,74.7000000000007,1.0,3.2791057077186476,1992-0061VNM,26.552016815412788
VNM,704,WP1,2012,2012-0294,2012225N16133,6800000.0,2014,8125989.1170000015,3146966.057270207,25.7,74.7000000000007,1.0,-0.9486286260011266,2012-0294VNM,0.38727175387013335
VNM,704,WP1,2009,2009-0422,2009270N10148,200000.0,2014,351280.9518,5998674.621891057,25.7,74.7000000000007,1.0,2.837707491688246,2009-0422VNM,17.07657244480017
VNM,704,WP1,1997,1997-0267,1997298N06140,470000000.0,2014,3260213213.0,105664212.58150592,25.7,74.7000000000007,1.0,-3.4292816148240517,1997-0267VNM,0.032410215430136016
VNM,704,WP1,2008,2008-0437,2008272N15113,6500000.0,2014,12209487.86,3653300.7930532717,25.7,74.7000000000007,1.0,-1.2065822571338556,2008-0437VNM,0.2992181846563769
VNM,704,WP1,1998,1998-0434,1998342N06141,15000000.0,2014,102650152.3,59564785.84002482,25.7,74.7000000000007,1.0,-0.5442620693009633,1998-0434VNM,0.5802698243052176
VNM,704,WP1,2017,2017-0406,2017253N14130,484000000.0,2014,402730834.1,56028435.8390277,25.7,74.7000000000007,1.0,-1.9724090886425585,2017-0406VNM,0.13912129664528136
VNM,704,WP1,2013,2013-0433,2013306N07162,734000000.0,2014,798228003.4,66288490.06201881,25.7,74.7000000000007,1.0,-2.488377996956606,2013-0433VNM,0.08304455591593796
VNM,704,WP1,2009,2009-0414,2009268N14128,785000000.0,2014,1378777736.0,224172467.13933504,25.7,74.7000000000007,1.0,-1.8165369889501919,2009-0414VNM,0.1625878205646737
VNM,704,WP1,2013,2013-0430,2013282N14132,76000000.0,2014,82650310.98,513528544.5556901,25.7,74.7000000000007,1.0,1.826687029179452,2013-0430VNM,6.213268147048539
VNM,704,WP1,2013,2013-0419,2013269N15118,663230000.0,2014,721265338.8,61347089.09850725,25.7,74.7000000000007,1.0,-2.464459361989082,2013-0419VNM,0.08505481380898329
VNM,704,WP1,2016,2016-0268,2016207N17116,191000000.0,2014,173254832.0,1147481663.4099975,25.7,74.7000000000007,1.0,1.8905614341949195,2016-0268VNM,6.6230860644048155
VNM,704,WP1,2014,2014-0227,2014190N08154,6200000.0,2014,6200000.0,241013.1340486561,25.7,74.7000000000007,1.0,-3.2474531409002934,2014-0227VNM,0.038873086136880015
VNM,704,WP1,2013,2013-0341,2013210N13123,1000000.0,2014,1087504.092,853051.4252576813,25.7,74.7000000000007,1.0,-0.24282069251626204,2013-0341VNM,0.7844121521316366
VNM,704,WP1,2006,2006-0517,2006268N12129,624000000.0,2014,1750622103.0,1396157008.464444,25.7,74.7000000000007,1.0,-0.2262477439306956,2006-0517VNM,0.797520496326353
KHM,116,WP1,1997,1997-0267,1997298N06140,10000.0,2014,48505.97055,56382.49693651015,25.7,74.7000000000007,1.0,0.15047187784361213,1997-0267KHM,1.1623826159377848
KOR,410,WP4,1987,1987-0130,1987188N10151,325000000.0,2014,3138801397.0,10313084899.109936,25.7,74.7000000000007,1.0,1.1895724611962388,1987-0130KOR,3.2856761529948866
KOR,410,WP4,2000,2000-0601,2000245N14157,71000000.0,2014,178416664.1,35755791862.154816,25.7,74.7000000000007,1.0,5.300345920714253,2000-0601KOR,200.40612261483716
KOR,410,WP4,2012,2012-0414,2012232N13141,450000000.0,2014,519378870.9,1081694.2080281791,25.7,74.7000000000007,1.0,-6.174105095447036,2012-0414KOR,0.0020826688735985296
KOR,410,WP4,1989,1989-0265,1989201N11145,176500000.0,2014,1022890325.0,131418757.34548278,25.7,74.7000000000007,1.0,-2.0519987051873243,1989-0265KOR,0.12847785743352572
KOR,410,WP4,2012,2012-0588,2012254N09135,349000000.0,2014,402807168.8,17031513316.258263,25.7,74.7000000000007,1.0,3.744362673393157,2012-0588KOR,42.282051153649334
KOR,410,WP4,2016,2016-0361,2016269N15165,126000000.0,2014,125690947.1,615458500.140611,25.7,74.7000000000007,1.0,1.5885414256079553,2016-0361KOR,4.896601659393583
KOR,410,WP4,1995,1995-0393,1995193N06156,140000000.0,2014,355288188.6,20447738195.911915,25.7,74.7000000000007,1.0,4.052698294669062,1995-0393KOR,57.552541435406205
KOR,410,WP4,1995,1995-0183,1995229N12144,425000000.0,2014,1078553430.0,797640046.5432334,25.7,74.7000000000007,1.0,-0.30171857943863517,1995-0183KOR,0.7395461591024132
KOR,410,WP4,1985,1985-0118,1985268N03161,14000000.0,2014,197048615.5,3120748.0253329976,25.7,74.7000000000007,1.0,-4.145377752685994,1985-0118KOR,0.01583745218109892
KOR,410,WP4,2004,2004-0428,2004227N15141,1000000.0,2014,1845168.832,19937035.919242807,25.7,74.7000000000007,1.0,2.3800083223313844,2004-0428KOR,10.804992786287649
KOR,410,WP4,2003,2003-0459,2003247N10153,4500000000.0,2014,9332563202.0,61137970985.41384,25.7,74.7000000000007,1.0,1.8796234255120534,2003-0459KOR,6.551037444065931
KOR,410,WP4,2007,2007-0470,2007254N18140,70000000.0,2014,87997870.47,3085871472.018125,25.7,74.7000000000007,1.0,3.5572767683445634,2007-0470KOR,35.067569880229684
MAC,446,WP4,2017,2017-0352,2017232N19130,1420000000.0,2014,1560609286.0,13055342476.205679,25.7,74.7000000000007,1.0,2.12412112218497,2017-0352MAC,8.365541967053039
JPN,392,WP4,2014,2014-0316,2014209N12152,200000000.0,2014,200000000.0,34583786987.61187,25.7,74.7000000000007,1.0,5.15282290050484,2014-0316JPN,172.91893493805935
JPN,392,WP4,2017,2017-0468,2017252N14147,500000000.0,2014,497742231.7,136158787834.36453,25.7,74.7000000000007,1.0,5.61149470526672,2017-0468JPN,273.5528134097136
JPN,392,WP4,2012,2012-0414,2012232N13141,86000000.0,2014,67245080.24,6560979987.035336,25.7,74.7000000000007,1.0,4.5805513995250315,2012-0414JPN,97.56817842463677
JPN,392,WP4,2014,2014-0236,2014184N08147,156000000.0,2014,156000000.0,1983707.1432984504,25.7,74.7000000000007,1.0,-4.3648886185067415,2014-0236JPN,0.012716071431400322
JPN,392,WP4,2012,2012-0588,2012254N09135,31000000.0,2014,24239505.67,9319709387.405571,25.7,74.7000000000007,1.0,5.951902957743281,2012-0588JPN,384.4843007231826
JPN,392,WP4,1982,1982-0090,1982202N11165,137000000.0,2014,585717153.3,13953242660.44771,25.7,74.7000000000007,1.0,3.1706302095119443,1982-0090JPN,23.822492788257073
JPN,392,WP4,1997,1997-0180,1997217N06168,100000000.0,2014,109868789.5,186927.80948274466,25.7,74.7000000000007,1.0,-6.376319613295017,1997-0180JPN,0.0017013731591422026
JPN,392,WP4,2009,2009-0423,2009272N07164,1000000000.0,2014,927176205.2,12239874494.255579,25.7,74.7000000000007,1.0,2.5803106736518315,2009-0423JPN,13.201238799711572
JPN,392,WP4,2015,2015-0176,2015122N07144,23200000.0,2014,25604132.8,1771287271.3232405,25.7,74.7000000000007,1.0,4.236708057211945,2015-0176JPN,69.17974083165358
JPN,392,WP4,2017,2017-0432,2017288N09138,1000000000.0,2014,995484463.5,117284857472.75745,25.7,74.7000000000007,1.0,4.769131417352401,2017-0432JPN,117.81686382165968
JPN,392,WP4,1998,1998-0297,1998259N17118,3000000000.0,2014,3608482427.0,307955712481.84845,25.7,74.7000000000007,1.0,4.4466686783635625,1998-0297JPN,85.34216771505105
JPN,392,WP4,1993,1993-0473,1993211N07161,450000000.0,2014,490034931.9,37852361293.6944,25.7,74.7000000000007,1.0,4.3469719643307325,1993-0473JPN,77.24421021768876
JPN,392,WP4,2014,2014-0396,2014275N06166,100000000.0,2014,100000000.0,10218753522.389969,25.7,74.7000000000007,1.0,4.626809705790226,2014-0396JPN,102.18753522389969
JPN,392,WP4,2007,2007-0262,2007188N04148,60000000.0,2014,64453546.68,44443413847.53851,25.7,74.7000000000007,1.0,6.536027302237861,2007-0262JPN,689.541788416887
JPN,392,WP4,1999,1999-0326,1999260N20130,5000000000.0,2014,5316012420.0,94933193353.44652,25.7,74.7000000000007,1.0,2.8824499391700042,1999-0326JPN,17.857970571379237
JPN,392,WP4,1994,1994-0198,1994224N20152,6000000.0,2014,5930761.695,248498901.974879,25.7,74.7000000000007,1.0,3.7352857744303924,1994-0198JPN,41.89999780034645
JPN,392,WP4,2004,2004-0428,2004227N15141,500000000.0,2014,503661847.5,3514358.733098975,25.7,74.7000000000007,1.0,-4.965048034013837,2004-0428JPN,0.006977615538169138
JPN,392,WP4,1993,1993-0079,1993246N16129,1300000000.0,2014,1415656470.0,6676026.776918895,25.7,74.7000000000007,1.0,-5.356825622173794,1993-0079JPN,0.004715852269526161
JPN,392,WP4,2005,2005-0497,2005241N15155,1000000000.0,2014,1019977855.0,30611569899.172268,25.7,74.7000000000007,1.0,3.401597122500015,2005-0497JPN,30.011994622346254
JPN,392,WP4,1990,1990-0407,1990251N06171,4000000000.0,2014,6193036523.0,166591168366.7141,25.7,74.7000000000007,1.0,3.2921171979200787,1990-0407JPN,26.8997555154115
JPN,392,WP4,2006,2006-0504,2006252N13139,2500000000.0,2014,2676605774.0,42777606858.083015,25.7,74.7000000000007,1.0,2.771465271826064,2006-0504JPN,15.982034886727034
JPN,392,WP4,2003,2003-0459,2003247N10153,50000000.0,2014,54552255.91,145418625.48305368,25.7,74.7000000000007,1.0,0.9804575888006251,2003-0459JPN,2.6656757462599625
JPN,392,WP4,2001,2001-0454,2001225N18146,800000000.0,2014,901659328.8,11643470.008041538,25.7,74.7000000000007,1.0,-4.3494912559311265,2001-0454JPN,0.012913380515385556
JPN,392,WP4,2007,2007-0479,2007240N17153,1000000000.0,2014,1074225778.0,127265292122.1304,25.7,74.7000000000007,1.0,4.774673626463419,2007-0479JPN,118.47164230137327
JPN,392,WP4,1998,1998-0311,1998281N11151,335500000.0,2014,403548618.1,102037271530.30733,25.7,74.7000000000007,1.0,5.532796461275644,1998-0311JPN,252.85000853359958
JPN,392,WP4,1991,1991-0539,1991256N13171,10000000000.0,2014,13531933846.0,111793829042.71872,25.7,74.7000000000007,1.0,2.1116040006014916,1991-0539JPN,8.2614820848954
JPN,392,WP4,1991,1991-0526,1991200N05157,81500000.0,2014,110285260.8,63174844.06945062,25.7,74.7000000000007,1.0,-0.5571641040045845,1991-0526JPN,0.572831252437412
HKG,344,WP4,2008,2008-0369,2008229N13147,380000.0,2014,505083.5374,210750763.5364058,25.7,74.7000000000007,1.0,6.033707662617142,2008-0369HKG,417.2592213582723
HKG,344,WP4,2017,2017-0352,2017232N19130,755500000.0,2014,644890817.2,10591337621.448687,25.7,74.7000000000007,1.0,2.798710713673871,2017-0352HKG,16.42345857463806
HKG,344,WP4,1983,1983-0121,1983239N10183,12544000.0,2014,122247467.4,11030347393.094458,25.7,74.7000000000007,1.0,4.502358195469757,1983-0121HKG,90.22965978511925
HKG,344,WP4,1992,1992-0463,1992194N07140,219700000.0,2014,614100138.3,1784486120.7804828,25.7,74.7000000000007,1.0,1.066727758705287,1992-0463HKG,2.905855266081582
TWN,158,WP4,2010,2010-0543,2010285N13145,10000000.0,2014,11891195.832707595,703609.5560705153,25.7,74.7000000000007,1.0,-2.8273299648357146,2010-0543TWN,0.0591706306051395
TWN,158,WP4,2013,2013-0306,2013228N23124,12000000.0,2014,12443691.250373827,125705.34309674856,25.7,74.7000000000007,1.0,-4.595028425156716,2013-0306TWN,0.010101933627851155
TWN,158,WP4,1992,1992-0357,1992237N14144,35000000.0,2014,83218785.15437673,3364090.435008488,25.7,74.7000000000007,1.0,-3.2083154805208123,1992-0357TWN,0.040424652063447725
TWN,158,WP4,2010,2010-0484,2010256N17137,63100000.0,2014,75033445.70438494,12834490573.947395,25.7,74.7000000000007,1.0,5.141957445277049,2010-0484TWN,171.05026236583123
TWN,158,WP4,1996,1996-0168,1996203N12152,1100000000.0,2014,1993824460.9429183,187348624992.1808,25.7,74.7000000000007,1.0,4.542916551931301,1996-0168TWN,93.96445307104919
TWN,158,WP4,2005,2005-0492,2005237N14148,38000000.0,2014,53646267.69952127,8387626573.424315,25.7,74.7000000000007,1.0,5.052100972807023,2005-0492TWN,156.35060803119327
TWN,158,WP4,2000,2000-0706,2000299N08139,150000000.0,2014,240119400.0126732,1354215939.790783,25.7,74.7000000000007,1.0,1.7298416239322827,2000-0706TWN,5.639760634581417
TWN,158,WP4,2008,2008-0441,2008268N12140,90000000.0,2014,114489207.21852686,64083211147.60355,25.7,74.7000000000007,1.0,6.327457133577248,2008-0441TWN,559.7314603226066
TWN,158,WP4,2005,2005-0565,2005268N19146,100000000.0,2014,141174388.68295068,86540498642.12027,25.7,74.7000000000007,1.0,6.4183718504045775,2005-0565TWN,613.0042385837621
TWN,158,WP4,2001,2001-0293,2001170N11138,5000000.0,2014,8829496.50824507,257394562.15535292,25.7,74.7000000000007,1.0,3.3725121764849524,2001-0293TWN,29.151669284312575
TWN,158,WP4,2012,2012-0260,2012209N11131,27000000.0,2014,28883557.597107597,5357715834.254463,25.7,74.7000000000007,1.0,5.223020520978002,2012-0260TWN,185.49362613111708
TWN,158,WP4,1994,1994-0185,1994211N12152,232000000.0,2014,479958040.5400136,40178596226.00349,25.7,74.7000000000007,1.0,4.427391016086458,1994-0185TWN,83.71272659751148
TWN,158,WP4,2009,2009-0321,2009215N20133,250000000.0,2014,338247183.1596558,62760941.53072049,25.7,74.7000000000007,1.0,-1.6844440094934174,2009-0321TWN,0.18554756596774596
TWN,158,WP4,1996,1996-0371,1996201N07137,200000000.0,2014,362513538.35325783,70888608443.17374,25.7,74.7000000000007,1.0,5.275803208073362,1996-0371TWN,195.5474787650415
TWN,158,WP4,2014,2014-0240,2014197N10137,20000000.0,2014,20000000.0,18651258137.8463,25.7,74.7000000000007,1.0,6.837936609716947,2014-0240TWN,932.5629068923149
TWN,158,WP4,2001,2001-0405,2001206N14134,240000000.0,2014,423815832.39576334,55992640809.98997,25.7,74.7000000000007,1.0,4.883676543660147,2001-0405TWN,132.1155004839543
TWN,158,WP4,2001,2001-0522,2001248N23125,800000000.0,2014,1412719441.319211,27510501296.78244,25.7,74.7000000000007,1.0,2.969051268460031,2001-0522TWN,19.473435766618223
TWN,158,WP4,2016,2016-0350,2016266N11144,110000000.0,2014,109825691.57835504,21566408006.41384,25.7,74.7000000000007,1.0,5.27999771129266,2016-0350TWN,196.36942591913757
TWN,158,WP4,2005,2005-0381,2005192N22155,100000000.0,2014,141174388.68295068,16120800559.910372,25.7,74.7000000000007,1.0,4.7378697520109485,2005-0381TWN,114.19068791659124
TWN,158,WP4,1986,1986-0115,1986252N06153,80000000.0,2014,542490477.2860905,80514497906.69621,25.7,74.7000000000007,1.0,5.000022013539889,1986-0115TWN,148.416426237535
PHL,608,WP2,2013,2013-0437,2013301N13142,4729000.0,2014,4950777.661,62271662.94032486,25.7,74.7000000000007,1.0,2.5319618063750564,2013-0437PHL,12.578157858082177
PHL,608,WP2,2011,2011-0272,2011205N12130,63258000.0,2014,80315874.36,18123939.27259412,25.7,74.7000000000007,1.0,-1.488733613447501,2011-0272PHL,0.22565824523502231
PHL,608,WP2,1988,1988-0506,1988308N09140,149060000.0,2014,1119695812.0,278033800.30911136,25.7,74.7000000000007,1.0,-1.3930696408259347,1988-0506PHL,0.2483119051883275
PHL,608,WP2,2010,2010-0543,2010285N13145,275745000.0,2014,393168267.4,820463770.99506,25.7,74.7000000000007,1.0,0.7356320732080924,2010-0543PHL,2.086800586478511
PHL,608,WP2,2012,2012-0500,2012331N03157,898352000.0,2014,1022251732.0,1658952083.0675216,25.7,74.7000000000007,1.0,0.4841783532068349,2012-0500PHL,1.6228410587496285
PHL,608,WP2,1994,1994-0071,1994197N14115,37600000.0,2014,166973054.6,4167888.570564561,25.7,74.7000000000007,1.0,-3.6904228801136627,1994-0071PHL,0.024961444111740897
PHL,608,WP2,2013,2013-0272,2013220N12137,32431000.0,2014,33951928.59,294976977.39184326,25.7,74.7000000000007,1.0,2.161951651388882,2013-0272PHL,8.688077221001343
PHL,608,WP2,2004,2004-0580,2004319N10134,6000000.0,2014,18687577.08,231470720.64853024,25.7,74.7000000000007,1.0,2.5165944130225513,2004-0580PHL,12.386341988456978
PHL,608,WP2,1991,1991-0382,1991289N06156,90000000.0,2014,563936202.8,158594910.01250774,25.7,74.7000000000007,1.0,-1.2685879140490772,1991-0382PHL,0.2812284602851671
PHL,608,WP2,2006,2006-0648,2006329N06150,66400000.0,2014,154621565.9,5422455622.465094,25.7,74.7000000000007,1.0,3.5573234374551843,2006-0648PHL,35.069206490716915
PHL,608,WP2,2008,2008-0426,2008262N16142,7420000.0,2014,12122136.16,102931.26751422939,25.7,74.7000000000007,1.0,-4.768727035123033,2008-0426PHL,0.008491182259928468
PHL,608,WP2,2013,2013-0258,2013178N09133,1000000.0,2014,1046897.37,119132431.19300638,25.7,74.7000000000007,1.0,4.734404837340816,2013-0258PHL,113.79571160161228
PHL,608,WP2,1987,1987-0239,1987219N08155,5600000.0,2014,48008089.05,204392879.45493224,25.7,74.7000000000007,1.0,1.4486745028119126,1987-0239PHL,4.257467512236508
PHL,608,WP2,2015,2015-0543,2015344N07145,135217000.0,2014,131434664.3,4480309318.495625,25.7,74.7000000000007,1.0,3.528937488615057,2015-0543PHL,34.08772976563706
PHL,608,WP2,2009,2009-0478,2009299N12153,15194000.0,2014,25686800.03,9739044364.354984,25.7,74.7000000000007,1.0,5.937921034835633,2009-0478PHL,379.1458785438672
PHL,608,WP2,1989,1989-0126,1989286N14137,35400000.0,2014,236623572.4,437839908.16621685,25.7,74.7000000000007,1.0,0.6153827607564183,1989-0126PHL,1.8503647110274837
PHL,608,WP2,2003,2003-0346,2003196N04150,26468000.0,2014,89769325.95,487379695.3070642,25.7,74.7000000000007,1.0,1.6918001460184513,2003-0346PHL,5.429245347999231
PHL,608,WP2,2000,2000-0706,2000299N08139,17000000.0,2014,59708228.94,23833235393.875755,25.7,74.7000000000007,1.0,5.989366481566975,2000-0706PHL,399.1616535440275
PHL,608,WP2,1982,1982-0174,1982190N09148,4500000.0,2014,34481009.7,6104847.410077394,25.7,74.7000000000007,1.0,-1.7313256160134372,1982-0174PHL,0.17704955461549007
PHL,608,WP2,1993,1993-0088,1993322N09137,2000000.0,2014,10468808.25,647539.0329792636,25.7,74.7000000000007,1.0,-2.7829763978208737,1993-0088PHL,0.06185413062458791
PHL,608,WP2,2015,2015-0176,2015122N07144,348000.0,2014,338265.6263,12937081.679638498,25.7,74.7000000000007,1.0,3.644021552073094,2015-0176PHL,38.24533347105419
PHL,608,WP2,1989,1989-0125,1989279N07151,59200000.0,2014,395709477.0,34262074900.18832,25.7,74.7000000000007,1.0,4.461114035322218,1989-0125PHL,86.5839129250582
PHL,608,WP2,2012,2012-0406,2012296N06135,1339000.0,2014,1523673.426,8392614.68542751,25.7,74.7000000000007,1.0,1.7062279681068115,2012-0406PHL,5.5081453428377305
PHL,608,WP2,2006,2006-0600,2006298N12143,9077000.0,2014,21137047.49,910858931.80456,25.7,74.7000000000007,1.0,3.7633607293679048,2006-0600PHL,43.09300682772701
PHL,608,WP2,1986,1986-0152,1986276N07177,36000000.0,2014,343006780.4,4330171.454082114,25.7,74.7000000000007,1.0,-4.372143076884412,1986-0152PHL,0.012624157018215358
PHL,608,WP2,2008,2008-0369,2008229N13147,33870000.0,2014,55333794.03,3007095.274004816,25.7,74.7000000000007,1.0,-2.9124092379205813,2008-0369PHL,0.0543446428483555
PHL,608,WP2,2011,2011-0341,2011233N12129,34452000.0,2014,43742174.96,10682166.326270977,25.7,74.7000000000007,1.0,-1.4097370862480987,2011-0341PHL,0.2442074802187883
PHL,608,WP2,1993,1993-0228,1993353N05159,17000000.0,2014,88984870.12,2163412639.9222183,25.7,74.7000000000007,1.0,3.1909758231692016,1993-0228PHL,24.312140221194472
PHL,608,WP2,2010,2010-0308,2010191N12138,8675000.0,2014,12369162.52,7015452744.3055105,25.7,74.7000000000007,1.0,6.340664048306654,2010-0308PHL,567.1728165073467
PHL,608,WP2,2001,2001-0319,2001181N08141,68565000.0,2014,255861625.3,1034427.5711627236,25.7,74.7000000000007,1.0,-5.510788569794155,2001-0319PHL,0.004042918002845671
PHL,608,WP2,1994,1994-0594,1994345N06165,26813000.0,2014,119070439.2,185451623.0869236,25.7,74.7000000000007,1.0,0.44307881200828075,1994-0594PHL,1.5574950788198956
PHL,608,WP2,2015,2015-0490,2015273N12130,1300000.0,2014,1263635.96,103532.69170177628,25.7,74.7000000000007,1.0,-2.5018611022114197,2015-0490PHL,0.08193237212224973
PHL,608,WP2,1980,1980-0099,1980296N05165,102300000.0,2014,897149786.7,296083525.942462,25.7,74.7000000000007,1.0,-1.1085812376495752,1980-0099PHL,0.3300268587607323
PHL,608,WP2,2015,2015-0278,2015183N13130,2218000.0,2014,2155957.3540000003,271666.85107542307,25.7,74.7000000000007,1.0,-2.0714136483070744,2015-0278PHL,0.12600752541389232
PHL,608,WP2,2006,2006-0251,2006128N09138,3328000.0,2014,7749707.397000001,393836938.56676126,25.7,74.7000000000007,1.0,3.9282818747012396,2006-0251PHL,50.819588197513106
PHL,608,WP2,2007,2007-0576,2007324N10140,5000000.0,2014,9526803.663,15180650.51028533,25.7,74.7000000000007,1.0,0.46591236013316506,2007-0576PHL,1.5934673419631413
PHL,608,WP2,1987,1987-0240,1987343N05154,8500000.0,2014,72869420.88,106739481.81899956,25.7,74.7000000000007,1.0,0.38172203193748616,1987-0240PHL,1.4648048595689562
PHL,608,WP2,2014,2014-0390,2014254N10142,19183000.0,2014,19183000.0,63702398.4081703,25.7,74.7000000000007,1.0,1.2001977433347404,2014-0390PHL,3.32077351864517
PHL,608,WP2,2009,2009-0165,2009123N10111,30342000.0,2014,51295833.0,704274162.1442975,25.7,74.7000000000007,1.0,2.619558194404656,2009-0165PHL,13.729656405897483
PHL,608,WP2,2011,2011-0379,2011266N13139,344173000.0,2014,436981179.1,285930840.3004872,25.7,74.7000000000007,1.0,-0.4241401613008543,2011-0379PHL,0.6543321634341006
PHL,608,WP2,2015,2015-0462,2015285N14151,210985000.0,2014,205083256.2,868081336.5468296,25.7,74.7000000000007,1.0,1.4428693914736466,2015-0462PHL,4.232824037571672
PHL,608,WP2,2004,2004-0309,2004174N14146,19667000.0,2014,61254763.09,63227.95424307805,25.7,74.7000000000007,1.0,-6.876050372784571,2004-0309PHL,0.0010322128607399704
PHL,608,WP2,2011,2011-0519,2011346N03156,38082000.0,2014,48351024.81,9813310.422084838,25.7,74.7000000000007,1.0,-1.594747746847537,2011-0519PHL,0.20295971927476583
PHL,608,WP2,1995,1995-0271,1995293N05177,244000000.0,2014,936840738.5,218281723851.66232,25.7,74.7000000000007,1.0,5.451028520493747,1995-0271PHL,232.99768560572937
PHL,608,WP2,2016,2016-0342,2016253N13144,4913000.0,2014,4585811.217,8728.932643972717,25.7,74.7000000000007,1.0,-6.264079198130438,2016-0342PHL,0.0019034653261812886
PHL,608,WP2,2008,2008-0197,2008135N12116,99174000.0,2014,162021661.9,371035580.27558106,25.7,74.7000000000007,1.0,0.828567919991363,2008-0197PHL,2.290036874850628
PHL,608,WP2,1993,1993-0077,1993271N14134,188000000.0,2014,984067975.5,206822842.8141376,25.7,74.7000000000007,1.0,-1.559832380442493,1993-0077PHL,0.21017129706822535
PHL,608,WP2,2011,2011-0378,2011270N18139,2655000.0,2014,3370935.635,933313017.8097203,25.7,74.7000000000007,1.0,5.623550298296941,2011-0378PHL,276.870613641877
PHL,608,WP2,2007,2007-0578,2007323N09128,1000000.0,2014,1905360.733,2075084.615227529,25.7,74.7000000000007,1.0,0.08533057946719051,2007-0578PHL,1.089077033701801
PHL,608,WP2,2012,2012-0294,2012225N16133,3000000.0,2014,3413756.742,22858.798932904894,25.7,74.7000000000007,1.0,-5.0062325308717055,2012-0294PHL,0.00669608313084216
PHL,608,WP2,2008,2008-0155,2008104N08128,16000000.0,2014,26139377.16,41170.80351745775,25.7,74.7000000000007,1.0,-6.453468807155689,2008-0155PHL,0.0015750491400560117
PHL,608,WP2,2009,2009-0422,2009270N10148,585379000.0,2014,989634942.4,39254442.83164229,25.7,74.7000000000007,1.0,-3.227271499089541,2009-0422PHL,0.0396655788410673
PHL,608,WP2,1984,1984-0105,1984302N00149,96600000.0,2014,875268514.8,279375007.6539996,25.7,74.7000000000007,1.0,-1.141975720573845,1984-0105PHL,0.3191877725863785
PHL,608,WP2,1980,1980-0133,1980126N08150,289000.0,2014,2534470.072,1891679.4448821102,25.7,74.7000000000007,1.0,-0.2925195409340463,1980-0133PHL,0.7463806599181299
PHL,608,WP2,2016,2016-0503,2016355N07146,103661000.0,2014,96757536.45,3265894783.2392693,25.7,74.7000000000007,1.0,3.519080832224175,2016-0503PHL,33.75338917322413
PHL,608,WP2,1981,1981-0083,1981256N10150,6700000.0,2014,53489704.34,2964095.5287736813,25.7,74.7000000000007,1.0,-2.8929172565443815,1981-0083PHL,0.05541431879923681
PHL,608,WP2,1986,1986-0153,1986343N05176,4000000.0,2014,38111864.49,4410183805.491219,25.7,74.7000000000007,1.0,4.751146009228525,1986-0153PHL,115.71682111349831
PHL,608,WP2,1981,1981-0138,1981317N14153,167000.0,2014,1333250.8390000002,1037772859.2561568,25.7,74.7000000000007,1.0,6.657212014612935,1981-0138PHL,778.3778032605886
PHL,608,WP2,2000,2000-0715,2000305N06136,31000000.0,2014,108879711.6,60262322042.41406,25.7,74.7000000000007,1.0,6.316218636117257,2000-0715PHL,553.4761357910693
PHL,608,WP2,2004,2004-0218,2004134N07132,1000000.0,2014,3114596.1810000013,42622318.88404144,25.7,74.7000000000007,1.0,2.6162785266265614,2004-0218PHL,13.684701453129222
PHL,608,WP2,1989,1989-0132,1989314N10152,325000.0,2014,2172391.554,360809369.7011424,25.7,74.7000000000007,1.0,5.112521097784432,1989-0132PHL,166.08855297599928
PHL,608,WP2,2013,2013-0433,2013306N07162,10000000000.0,2014,10468973696.0,2783532511.710136,25.7,74.7000000000007,1.0,-1.3246951880454239,2013-0433PHL,0.26588399135759333
PHL,608,WP2,2007,2007-0560,2007306N18133,2971000.0,2014,5660826.7370000025,133227266.30818276,25.7,74.7000000000007,1.0,3.1584864910148966,2007-0560PHL,23.534948603423878
PHL,608,WP2,2014,2014-0479,2014334N02156,113878000.0,2014,113878000.0,203902509.71249127,25.7,74.7000000000007,1.0,0.5825142861411854,2014-0479PHL,1.7905346924997916
PHL,608,WP2,2014,2014-0497,2014362N07130,17688000.0,2014,17688000.0,4601222.6205653185,25.7,74.7000000000007,1.0,-1.3465643882958072,2014-0497PHL,0.2601324412350361
PHL,608,WP2,1988,1988-0557,1988306N15130,940000.0,2014,7061009.416,19253.41753271412,25.7,74.7000000000007,1.0,-5.904654717894187,1988-0557PHL,0.0027267231069096932
PHL,608,WP2,1981,1981-0101,1981319N07163,35000000.0,2014,279423828.6,518675671.45088184,25.7,74.7000000000007,1.0,0.6185490492461572,1981-0101PHL,1.85623278461829
PHL,608,WP2,2009,2009-0414,2009268N14128,237489000.0,2014,401496146.7,1471016.8844255588,25.7,74.7000000000007,1.0,-5.609244016331576,2009-0414PHL,0.0036638381128093625
PHL,608,WP2,1981,1981-0134,1981176N08150,7609000.0,2014,60746740.34,802907.0195461522,25.7,74.7000000000007,1.0,-4.326229786915799,1981-0134PHL,0.01321728565273256
PHL,608,WP2,2013,2013-0430,2013282N14132,96723000.0,2014,101259054.3,1495290130.7154307,25.7,74.7000000000007,1.0,2.692393407190692,2013-0430PHL,14.766977047655784
PHL,608,WP2,2003,2003-0258,2003144N16119,4000000.0,2014,13566469.09,400649.04774698,25.7,74.7000000000007,1.0,-3.5222706678149094,2003-0258PHL,0.029532300931736394
PHL,608,WP2,1982,1982-0176,1982325N08176,5000.0,2014,38312.233,24011183.3167613,25.7,74.7000000000007,1.0,6.44050572766353,1982-0176PHL,626.7236711773313
PHL,608,WP2,1994,1994-0519,1994287N14156,67400000.0,2014,299308082.0,29970529437.66887,25.7,74.7000000000007,1.0,4.606496408241463,1994-0519PHL,100.13271020750074
PHL,608,WP2,1989,1989-0120,1989190N20160,61000000.0,2014,407741184.1,539245912.4038386,25.7,74.7000000000007,1.0,0.2795390846687457,1989-0120PHL,1.3225201020448958
PHL,608,WP2,1987,1987-0212,1987320N03171,56000000.0,2014,480080890.5,8667553946.686466,25.7,74.7000000000007,1.0,2.8933872899802946,1987-0212PHL,18.054361500744772
PHL,608,WP2,2014,2014-0227,2014190N08154,820576000.0,2014,820576000.0,64047576171.282425,25.7,74.7000000000007,1.0,4.357374931161899,2014-0227PHL,78.05197345679429
PHL,608,WP2,1982,1982-0093,1982227N09140,6500000.0,2014,49805902.91,536835629.9002646,25.7,74.7000000000007,1.0,2.3775584487471657,1982-0093PHL,10.778554318558074
PHL,608,WP2,1981,1981-0112,1981355N07149,26000000.0,2014,207571987.0,914992085.491448,25.7,74.7000000000007,1.0,1.4834372106946996,1981-0112PHL,4.4080711405987945
PHL,608,WP2,2008,2008-0249,2008169N08135,284694000.0,2014,465107740.1,15946518414.227913,25.7,74.7000000000007,1.0,3.534726725257503,2008-0249PHL,34.28564403335741
PHL,608,WP2,1988,1988-0312,1988193N09149,11516000.0,2014,86504877.06,2903887.975815217,25.7,74.7000000000007,1.0,-3.394150274147672,1988-0312PHL,0.0335690665602712
PHL,608,WP2,2015,2015-0017,2015012N09146,1000000.0,2014,972027.6618,4515446.889534817,25.7,74.7000000000007,1.0,1.535875177111522,2015-0017PHL,4.645389289820329
PHL,608,WP2,1985,1985-0190,1985162N05154,20000000.0,2014,185189963.4,957010.1744844912,25.7,74.7000000000007,1.0,-5.265323383379495,1985-0190PHL,0.0051677216028030775
PHL,608,WP2,2006,2006-0517,2006268N12129,113000000.0,2014,263136098.5,151479786868.3785,25.7,74.7000000000007,1.0,6.355536091900057,2006-0517PHL,575.6708704426524
AUS,36,OC,2015,2015-0053,2015045S12145,78000000.0,2014,84702479.43,92310.85027985576,25.7,74.7000000000007,1.0,-6.821738464198698,2015-0053AUS,0.0010898246533165947
AUS,36,OC,1986,1986-0029,1986027S13145,70000000.0,2014,563514152.7,41494896.21111445,25.7,74.7000000000007,1.0,-2.6086220120609216,1986-0029AUS,0.07363594332510977
AUS,36,OC,2006,2006-0043,2006006S11129,2354000.0,2014,4625625.837,1384811.0756820336,25.7,74.7000000000007,1.0,-1.2060479550329337,2006-0043AUS,0.29937810027889494
AUS,36,OC,2007,2007-0591,2007058S12135,100000000.0,2014,171950641.6,3274085.237699248,25.7,74.7000000000007,1.0,-3.96116895485058,2007-0591AUS,0.019040843391067916
AUS,36,OC,1999,1999-0051,1999040S15147,300000000.0,2014,1131545100.0,581698011.4419888,25.7,74.7000000000007,1.0,-0.6653878904916426,1999-0051AUS,0.5140740845786782
AUS,36,OC,2017,2017-0105,2017081S13152,2700000000.0,2014,2988753820.0,25492687.97313945,25.7,74.7000000000007,1.0,-4.764220132004577,2017-0105AUS,0.00852953756262851
AUS,36,OC,2015,2015-0079,2015047S15152,546000000.0,2014,592917356.0,1950110638.761611,25.7,74.7000000000007,1.0,1.1905863644252581,2015-0079AUS,3.2890092000639815
AUS,36,OC,1996,1996-0318,1996095S09133,46700000.0,2014,170904206.6,19367598.67443496,25.7,74.7000000000007,1.0,-2.177501705855796,1996-0318AUS,0.1133242947013275
AUS,36,OC,1990,1990-0422,1990350S11165,155600000.0,2014,733330742.5,34033163.88380585,25.7,74.7000000000007,1.0,-3.0702613601557256,1990-0422AUS,0.046409023802525026
AUS,36,OC,2000,2000-0097,2000056S17152,90000000.0,2014,317674987.2,100407170.74130912,25.7,74.7000000000007,1.0,-1.1517951808644398,2000-0097AUS,0.31606885901311255
AUS,36,OC,1982,1982-0255,1982095S11138,6864000.0,2014,51906694.26,142973.26926533564,25.7,74.7000000000007,1.0,-5.894545360079097,1982-0255AUS,0.0027544283315208687
AUS,36,OC,2011,2011-0070,2011028S13180,2500000000.0,2014,2626722487.0,30227354.64107171,25.7,74.7000000000007,1.0,-4.464744848129889,2011-0070AUS,0.011507631579152697
AUS,36,OC,1989,1989-0398,1989089S11158,94300000.0,2014,461534104.7,380172788.0419435,25.7,74.7000000000007,1.0,-0.19393009614062753,1989-0398AUS,0.8237154831473573
AUS,36,OC,2006,2006-0139,2006074S13158,1180000000.0,2014,2318707938.0,347473860.76855844,25.7,74.7000000000007,1.0,-1.8980759448794067,2006-0139AUS,0.14985667451859927
FJI,242,OC,1992,1992-0162,1992338S04173,1600000.0,2014,4683021.159,386999609.0464207,25.7,74.7000000000007,1.0,4.4144802343645795,1992-0162FJI,82.63887689310795
FJI,242,OC,1997,1997-0039,1997061S08171,27000000.0,2014,57809242.36,336045805.26646584,25.7,74.7000000000007,1.0,1.7600988105521365,1997-0039FJI,5.813011752926662
FJI,242,OC,2009,2009-0554,2009346S10172,13300000.0,2014,20772286.48,23590890.10358205,25.7,74.7000000000007,1.0,0.12724090741989075,2009-0554FJI,1.1356905811161357
FJI,242,OC,1983,1983-0057,1983082S11180,851000.0,2014,3397170.854,4334.383741251486,25.7,74.7000000000007,1.0,-6.664118821204589,1983-0057FJI,0.0012758804097674288
FJI,242,OC,2004,2004-0153,2004098S15173,4000000.0,2014,6575111.982999999,43527.535004244615,25.7,74.7000000000007,1.0,-5.017653162090732,2004-0153FJI,0.0066200446649099486
FJI,242,OC,2010,2010-0106,2010069S12188,39427000.0,2014,56286310.68,944038.9175111168,25.7,74.7000000000007,1.0,-4.08803924353343,2010-0106FJI,0.016772087317610578
FJI,242,OC,1990,1990-0121,1990327S07175,10000000.0,2014,33532784.13,271859712.8613836,25.7,74.7000000000007,1.0,2.0927625806758248,1990-0121FJI,8.10728127457109
FJI,242,OC,1980,1980-0036,1980081S12170,2256000.0,2014,8410828.037,392976.565604082,25.7,74.7000000000007,1.0,-3.0635252261557526,1980-0036FJI,0.04672269649020789
FJI,242,OC,1985,1985-0044,1985070S17175,3000000.0,2014,11785953.11,38950503.7241153,25.7,74.7000000000007,1.0,1.195383296857523,1985-0044FJI,3.3048242565183004
FJI,242,OC,1983,1983-0047,1983054S15179,50000000.0,2014,199598757.6,75477367.05527492,25.7,74.7000000000007,1.0,-0.9724763021976717,1983-0047FJI,0.37814547526660014
FJI,242,OC,2003,2003-0024,2003011S09182,30000000.0,2014,58076952.28,2215946.418187844,25.7,74.7000000000007,1.0,-3.2660893055472116,2003-0024FJI,0.038155349604165625
FJI,242,OC,2012,2012-0498,2012346S14180,8400000.0,2014,9481515.123,566185535.9260591,25.7,74.7000000000007,1.0,4.0895776998795075,2012-0498FJI,59.714668866858815
FJI,242,OC,2008,2008-0051,2008026S12179,30000000.0,2014,38176381.62,38122406.294220656,25.7,74.7000000000007,1.0,-0.0014148412119966197,2008-0051FJI,0.9985861592039654
FJI,242,OC,2007,2007-0655,2007337S12186,652000.0,2014,858485.7575,286611.13372254,25.7,74.7000000000007,1.0,-1.0970437279765384,2007-0655FJI,0.3338565971754517
FJI,242,OC,1986,1986-0143,1986356S07183,20000000.0,2014,69498014.25,596626.6375506565,25.7,74.7000000000007,1.0,-4.757761939189982,1986-0143FJI,0.00858480122042705
FJI,242,OC,2016,2016-0041,2016041S14170,600000000.0,2014,575865848.2,349591678.1658188,25.7,74.7000000000007,1.0,-0.499108891514805,2016-0041FJI,0.6070713852167954
FSM,583,OC,2015,2015-0105,2015085N06162,11000000.0,2014,11098409.57,1208631.3063279877,25.7,74.7000000000007,1.0,-2.217313248491904,2015-0105FSM,0.10890130686788015
GUM,316,OC,2004,2004-0445,2004230N09172,1000000.0,2014,1435830.957,25117080.89600531,25.7,74.7000000000007,1.0,2.8618043827481445,2004-0445GUM,17.49306265723961
GUM,316,OC,1997,1997-0292,1997333N06194,200000000.0,2014,327208271.8,2446314454.573284,25.7,74.7000000000007,1.0,2.011740981709938,1997-0292GUM,7.476322163605168
NCL,540,OC,1981,1981-0111,1981353S09172,200000.0,2014,551603.3058,8019596.046381487,25.7,74.7000000000007,1.0,2.6768141922982878,1981-0111NCL,14.538701929551575
NCL,540,OC,2003,2003-0135,2003061S21148,40000000.0,2014,40000000.0,523397161.53749865,25.7,74.7000000000007,1.0,2.571461112844551,2003-0135NCL,13.084929038437465
PNG,598,OC,1993,1993-0016,1993131S04158,1500000.0,2014,6953406.58,290417.8983802341,25.7,74.7000000000007,1.0,-3.175666059275481,1993-0016PNG,0.04176627600283861
PYF,258,OC,1983,1983-0071,1983097S10224,21000000.0,2014,54194671.27,74096962.28400789,25.7,74.7000000000007,1.0,0.31279194908342317,1983-0071PYF,1.3672370465142945
SLB,90,OC,1986,1986-0065,1986135S07160,20000000.0,2014,111253691.9,2840708.2962844945,25.7,74.7000000000007,1.0,-3.667759684935443,1986-0065SLB,0.025533609247213613
TON,776,OC,2011,2011-0091,2011020S13182,3000000.0,2014,3148217.183,28351647.903947704,25.7,74.7000000000007,1.0,2.197848836644617,2011-0091TON,9.005620087789127
TON,776,OC,1982,1982-0034,1982058S10185,21200000.0,2014,151622251.2,180517728.48204127,25.7,74.7000000000007,1.0,0.17443675352350002,1982-0034TON,1.1905754403021374
TON,776,OC,2014,2014-0001,2014004S17183,31000000.0,2014,31000000.0,1388969.5113586823,25.7,74.7000000000007,1.0,-3.105425091019589,2014-0001TON,0.04480546810834459
TON,776,OC,2001,2001-0711,2001363S10185,51300000.0,2014,125645747.8,7704535.267263989,25.7,74.7000000000007,1.0,-2.79165727057511,2001-0711TON,0.061319506646001984
VUT,548,OC,1993,1993-0024,1993083S12181,6000000.0,2014,25998065.23,153901071.46043396,25.7,74.7000000000007,1.0,1.778287881854863,1993-0024VUT,5.919712490098785
VUT,548,OC,2014,2014-0096,2014068S16169,2000000.0,2014,2000000.0,4353.573202964243,25.7,74.7000000000007,1.0,-6.129905525658373,2014-0096VUT,0.0021767866014821215
VUT,548,OC,1987,1987-0057,1987035S12160,25000000.0,2014,155722786.8,20991021.047868766,25.7,74.7000000000007,1.0,-2.003982641665547,1987-0057VUT,0.13479736318120378
VUT,548,OC,2015,2015-0093,2015066S08170,449400000.0,2014,496316510.4,113373655.9615044,25.7,74.7000000000007,1.0,-1.4765247954554614,2015-0093VUT,0.22843015210219855
WSM,882,OC,2012,2012-0498,2012346S14180,133000000.0,2014,133663025.6,203339654.67475608,25.7,74.7000000000007,1.0,0.4195558582131848,2012-0498WSM,1.5212857389841705
WSM,882,OC,1991,1991-0364,1991338S08181,278000000.0,2014,1782167001.0,410336129.61748725,25.7,74.7000000000007,1.0,-1.4686086669699485,1991-0364WSM,0.2302456107577133
MDG,450,SI,2000,2000-0107,2000032S11116,9000000.0,2014,24773011.21,226668003.89497408,25.7,74.7000000000007,1.0,2.213731606093974,2000-0107MDG,9.149796202549496
MDG,450,SI,2017,2017-0075,2017061S11061,20000000.0,2014,18562954.38,10453678.79290273,25.7,74.7000000000007,1.0,-0.5742139405886949,2017-0075MDG,0.5631473621551146
MDG,450,SI,1986,1986-0042,1986067S11080,150000000.0,2014,491370641.1,93227634.61183617,25.7,74.7000000000007,1.0,-1.662154526428791,1986-0042MDG,0.1897297616380446
MDG,450,SI,1981,1981-0110,1981351S12060,250000000.0,2014,742274546.2,3515506.437818426,25.7,74.7000000000007,1.0,-5.3525355891647655,1981-0110MDG,0.004736126889727943
MDG,450,SI,2009,2009-0137,2009093S12062,5000000.0,2014,6241556.912000001,727148.5013618534,25.7,74.7000000000007,1.0,-2.1498542127240965,2009-0137MDG,0.1165011409194779
MDG,450,SI,2001,2002-0004,2001364S19036,181000.0,2014,439343.7929,897.207838869496,25.7,74.7000000000007,1.0,-6.193749973263176,2002-0004MDG,0.002042154352397352
MDG,450,SI,1984,1984-0034,1984094S10080,250000000.0,2014,907770830.7,26615520.68320781,25.7,74.7000000000007,1.0,-3.5294974276909095,1984-0034MDG,0.029319647407797907
MDG,450,SI,1997,1997-0013,1997018S11059,50000000.0,2014,150510277.2,15869205.079943402,25.7,74.7000000000007,1.0,-2.249650925097435,1997-0013MDG,0.10543602320827698
MDG,450,SI,2007,2007-0095,2007066S12066,240000000.0,2014,348858871.4,4606846.53122995,25.7,74.7000000000007,1.0,-4.327123887160992,2007-0095MDG,0.01320547335586533
MDG,450,SI,2013,2013-0032,2013046S20042,25000000.0,2014,25169373.46,1926842.0186539413,25.7,74.7000000000007,1.0,-2.569745513488348,2013-0032MDG,0.07655502516644454
MDG,450,SI,2008,2008-0070,2008037S10055,60000000.0,2014,68034718.12,5869813.103845282,25.7,74.7000000000007,1.0,-2.4501953413481443,2008-0070MDG,0.08627673144014611
MDG,450,SI,1983,1983-0157,1983339S10065,25000000.0,2014,75988123.11,1631386.1175468531,25.7,74.7000000000007,1.0,-3.8411470208912033,1983-0157MDG,0.021468961869018234
MDG,450,SI,2004,2004-0103,2004061S12072,250000000.0,2014,611461783.3,19947701.716434065,25.7,74.7000000000007,1.0,-3.422738522010807,2004-0103MDG,0.03262297376751537
MDG,450,SI,2012,2012-0043,2012039S14075,100000000.0,2014,107598319.7,243439578.64736867,25.7,74.7000000000007,1.0,0.8164637433250338,2012-0043MDG,2.262484947033691
MDG,450,SI,1994,1994-0009,1994007S16056,10000000.0,2014,35852773.5,4894369.3251227485,25.7,74.7000000000007,1.0,-1.9913355010167695,1994-0009MDG,0.136512990414054
MOZ,508,SI,2000,2000-0107,2000032S11116,1000000.0,2014,3381086.779,9481176.505593903,25.7,74.7000000000007,1.0,1.0311112224692396,2000-0107MOZ,2.804180172032758
MOZ,508,SI,2017,2017-0051,2017043S19040,17000000.0,2014,22801692.01,1646394.9539494773,25.7,74.7000000000007,1.0,-2.6282467229783504,2017-0051MOZ,0.07220494659902553
MOZ,508,SI,1996,1996-0052,1996001S08075,14500000.0,2014,69792056.75,5195324.017537076,25.7,74.7000000000007,1.0,-2.597761209506161,1996-0052MOZ,0.07444004747054651
MOZ,508,SI,2008,2008-0111,2008062S10064,20000000.0,2014,29510844.15,27852525.002748106,25.7,74.7000000000007,1.0,-0.057834167468061956,2008-0111MOZ,0.9438064482729515
