country,region_id,cal_region2,year,EM_ID,ibtracsID,emdat_impact,reference_year,emdat_impact_scaled,climada_impact,v_thresh,v_half,scale,log_ratio,unique_ID
ATG,28,NA1,2010,2010-0468,2010236N12341,12600000.0,2014,13945942.61,1452130.8826430156,25.7,59.60000000000048,1.0,-2.2621565617302997,2010-0468ATG
ATG,28,NA1,2017,2017-0381,2017242N16333,250000000.0,2014,211176356.8,230540232.79928216,25.7,59.60000000000048,1.0,0.08773179437643414,2017-0381ATG
ATG,28,NA1,1989,1989-0115,1989254N13340,80000000.0,2014,232560060.9,93574105.064183,25.7,59.60000000000048,1.0,-0.9103948282082716,1989-0115ATG
ATG,28,NA1,1995,1995-0192,1995240N11337,350000000.0,2014,773370483.3,261729554.37739068,25.7,59.60000000000048,1.0,-1.083446478149782,1995-0192ATG
BHS,44,NA1,2015,2015-0479,2015270N27291,90000000.0,2014,83627197.41,210335.24657986802,25.7,59.60000000000048,1.0,-5.985421403944959,2015-0479BHS
BHS,44,NA1,2011,2011-0328,2011233N15301,40000000.0,2014,43522583.4,24397393.529250793,25.7,59.60000000000048,1.0,-0.5788036579775853,2011-0328BHS
BHS,44,NA1,2004,2004-0455,2004238N11325,1000000000.0,2014,1210044074.0,136796284.76081818,25.7,59.60000000000048,1.0,-2.179919216082302,2004-0455BHS
BHS,44,NA1,2001,2001-0671,2001303N13276,300000000.0,2014,395198026.4,52852578.73348127,25.7,59.60000000000048,1.0,-2.011880467364878,2001-0671BHS
BHS,44,NA1,1999,1999-0327,1999251N15314,450000000.0,2014,641705937.2,127088059.36788374,25.7,59.60000000000048,1.0,-1.6192499299816183,1999-0327BHS
BHS,44,NA1,2017,2017-0381,2017242N16333,2000000.0,2014,1801876.321,60177.69808470577,25.7,59.60000000000048,1.0,-3.3992819815506783,2017-0381BHS
BHS,44,NA1,1995,1995-0404,1995212N22287,400000.0,2014,1278191.893,2130724.9075960917,25.7,59.60000000000048,1.0,0.5110157583251816,1995-0404BHS
BLZ,84,NA1,2001,2001-0553,2001278N12302,250000000.0,2014,485443358.1,82870660.04257144,25.7,59.60000000000048,1.0,-1.7677815341536174,2001-0553BLZ
BLZ,84,NA1,2007,2007-0360,2007225N12331,14847000.0,2014,19476548.08,314177308.9469028,25.7,59.60000000000048,1.0,2.780746425485764,2007-0360BLZ
BMU,60,NA1,2003,2003-0448,2003240N15329,300000000.0,2014,399403562.6,3311296595.46279,25.7,59.60000000000048,1.0,2.1151227715304612,2003-0448BMU
BMU,60,NA1,1987,1987-0164,1987263N10309,50000000.0,2014,214952184.2,211075500.91917536,25.7,59.60000000000048,1.0,-0.01819971058982717,1987-0164BMU
CPV,132,NA1,2015,2015-0473,2015242N12343,1100000.0,2014,1281242.483,3501312.198532934,25.7,59.60000000000048,1.0,1.0053075151387363,2015-0473CPV
CUB,192,NA1,2005,2005-0351,2005186N12299,1400000000.0,2014,2647941893.0,9706868684.87048,25.7,59.60000000000048,1.0,1.2990510526558787,2005-0351CUB
CUB,192,NA1,2008,2008-0384,2008245N17323,1500000000.0,2014,1989662255.0,7812224521.757179,25.7,59.60000000000048,1.0,1.3677248499991308,2008-0384CUB
CUB,192,NA1,2004,2004-0415,2004223N11301,1000000000.0,2014,2111247808.0,19681996819.21973,25.7,59.60000000000048,1.0,2.2324251999763405,2004-0415CUB
CUB,192,NA1,2017,2017-0381,2017242N16333,13200000000.0,2014,10992753818.0,811993099.939662,25.7,59.60000000000048,1.0,-2.6054997483809643,2017-0381CUB
CUB,192,NA1,2008,2008-0352,2008238N13293,2072000000.0,2014,2748386795.0,677532486.1894193,25.7,59.60000000000048,1.0,-1.4003118968324146,2008-0352CUB
DMA,212,NA1,2017,2017-0383,2017260N12310,1456000000.0,2014,1534596212.0,481294740.3596112,25.7,59.60000000000048,1.0,-1.1595427230830029,2017-0383DMA
DMA,212,NA1,2007,2007-0360,2007225N12331,20000000.0,2014,24849111.57,6461697.08629969,25.7,59.60000000000048,1.0,-1.346930010042625,2007-0360DMA
DMA,212,NA1,1989,1989-0115,1989254N13340,20000000.0,2014,56557045.94,5786081.911941023,25.7,59.60000000000048,1.0,-2.2797944280666904,1989-0115DMA
DOM,214,NA1,2011,2011-0328,2011233N15301,30000000.0,2014,34283168.75,6147839.749410368,25.7,59.60000000000048,1.0,-1.7185537668851156,2011-0328DOM
DOM,214,NA1,2017,2017-0383,2017260N12310,63000000.0,2014,54813712.03,11073862.335545633,25.7,59.60000000000048,1.0,-1.599352795177834,2017-0383DOM
HND,340,NA1,2007,2007-0439,2007244N12303,6579000.0,2014,10588404.38,41050308.71862337,25.7,59.60000000000048,1.0,1.3550388804925655,2007-0439HND
JAM,388,NA1,2005,2005-0351,2005186N12299,30000000.0,2014,37089462.6,346909092.20964843,25.7,59.60000000000048,1.0,2.235729861202876,2005-0351JAM
JAM,388,NA1,2004,2004-0415,2004223N11301,300000000.0,2014,409384949.8,26202569.17792196,25.7,59.60000000000048,1.0,-2.7487984447636293,2004-0415JAM
JAM,388,NA1,2007,2007-0360,2007225N12331,300000000.0,2014,323956910.3,9841122028.228231,25.7,59.60000000000048,1.0,3.413714496757897,2007-0360JAM
JAM,388,NA1,2012,2012-0410,2012296N14283,16542000.0,2014,15483975.86,989324004.7919012,25.7,59.60000000000048,1.0,4.157216212770497,2012-0410JAM
JAM,388,NA1,2008,2008-0352,2008238N13293,66198000.0,2014,67028878.91,568636721.3506657,25.7,59.60000000000048,1.0,2.1381182241440295,2008-0352JAM
KNA,659,NA1,2017,2017-0381,2017242N16333,20000000.0,2014,18484889.46,199417978.3614462,25.7,59.60000000000048,1.0,2.3784494033705315,2017-0381KNA
KNA,659,NA1,1989,1989-0115,1989254N13340,46000000.0,2014,219073474.2,73701030.6740739,25.7,59.60000000000048,1.0,-1.0893903883592033,1989-0115KNA
LCA,662,NA1,2010,2010-0571,2010302N09306,500000.0,2014,548667.5019,12418641.559252022,25.7,59.60000000000048,1.0,3.1194613593798244,2010-0571LCA
LCA,662,NA1,2007,2007-0360,2007225N12331,40000000.0,2014,47496877.29,63848895.94107433,25.7,59.60000000000048,1.0,0.2958553232651197,2007-0360LCA
MEX,484,NA1,2014,2014-0333,2014253N13260,2500000000.0,2014,2500000000.0,3584780888.237967,25.7,59.60000000000048,1.0,0.3604066212685706,2014-0333MEX
MEX,484,NA1,2016,2016-0319,2016248N15255,50000000.0,2014,60984824.31,655625212.0904803,25.7,59.60000000000048,1.0,2.374964251225386,2016-0319MEX
MEX,484,NA1,2009,2009-0384,2009239N12270,40000000.0,2014,58422121.35,65601879.51609547,25.7,59.60000000000048,1.0,0.11590973834860256,2009-0384MEX
MEX,484,NA1,2015,2015-0470,2015293N13266,823000000.0,2014,924242990.8,8948977085.976036,25.7,59.60000000000048,1.0,2.270319498541792,2015-0470MEX
MEX,484,NA1,2010,2010-0494,2010257N16282,3900000000.0,2014,4846656451.0,6010450875.138364,25.7,59.60000000000048,1.0,0.21521069089150832,2010-0494MEX
MEX,484,NA1,1995,1995-0256,1995281N14278,1500000000.0,2014,5476225576.0,203578369.02129823,25.7,59.60000000000048,1.0,-3.292120342627632,1995-0256MEX
MEX,484,NA1,2005,2005-0585,2005289N18282,5000000000.0,2014,7490595958.0,3490615876.691024,25.7,59.60000000000048,1.0,-0.7635701719086093,2005-0585MEX
MEX,484,NA1,2012,2012-0276,2012215N12313,300000000.0,2014,328342750.7,348527357.56286603,25.7,59.60000000000048,1.0,0.05965869358962059,2012-0276MEX
MEX,484,NA1,2006,2006-0505,2006257N16259,2700000.0,2014,3638886.137,2202694311.3966475,25.7,59.60000000000048,1.0,6.405758948527004,2006-0505MEX
MEX,484,NA1,1997,1997-0243,1997279N12263,447800000.0,2014,1176350687.0,1974612353.275756,25.7,59.60000000000048,1.0,0.5179550940118854,1997-0243MEX
MEX,484,NA1,2005,2005-0382,2005192N11318,400000000.0,2014,599247676.6,1296246136.194623,25.7,59.60000000000048,1.0,0.7715527826558074,2005-0382MEX
MEX,484,NA1,1982,1982-0105,1982262N12270,82400000.0,2014,586753507.8,2271601389.901405,25.7,59.60000000000048,1.0,1.3536355067945813,1982-0105MEX
MEX,484,NA1,2017,2017-0334,2017219N16279,2000000.0,2014,2284434.574,101516386.46948522,25.7,59.60000000000048,1.0,3.7941016859788648,2017-0334MEX
MEX,484,NA1,2008,2008-0304,2008203N18276,75000000.0,2014,88822764.83,402073888.81383073,25.7,59.60000000000048,1.0,1.5099928969072614,2008-0304MEX
MEX,484,NA1,2010,2010-0260,2010176N16278,2000000000.0,2014,2485464847.0,699906851.6455247,25.7,59.60000000000048,1.0,-1.267267725092865,2010-0260MEX
MEX,484,NA1,2011,2011-0385,2011279N10257,27700000.0,2014,30846033.58,163711428.959759,25.7,59.60000000000048,1.0,1.6690971274974564,2011-0385MEX
MEX,484,NA1,2002,2002-0669,2002295N11261,200000000.0,2014,340513691.7,1342031329.2244148,25.7,59.60000000000048,1.0,1.3714843270799777,2002-0669MEX
MEX,484,NA1,1995,1995-0207,1995256N15253,800000000.0,2014,2920653641.0,202749238.6008876,25.7,59.60000000000048,1.0,-2.667592782240165,1995-0207MEX
MEX,484,NA1,2007,2007-0360,2007225N12331,600000000.0,2014,749255406.1,8590368872.751945,25.7,59.60000000000048,1.0,2.4393170346500392,2007-0360MEX
MEX,484,NA1,1990,1990-0393,1990216N13281,90700000.0,2014,456380159.7,457720406.2661116,25.7,59.60000000000048,1.0,0.002932385289752819,1990-0393MEX
MEX,484,NA1,1992,1992-0342,1992233N16254,3000000.0,2014,10859450.34,2087752.107771818,25.7,59.60000000000048,1.0,-1.6489477593243929,1992-0342MEX
MEX,484,NA1,1988,1988-0430,1988253N12306,76000000.0,2014,550112928.0,24347052780.93181,25.7,59.60000000000048,1.0,3.7900425047077726,1988-0430MEX
MEX,484,NA1,2003,2003-0474,2003262N17254,100000000.0,2014,180241122.2,153562961.71588346,25.7,59.60000000000048,1.0,-0.1601848652738095,2003-0474MEX
MEX,484,NA1,2012,2012-0401,2012166N09269,555000000.0,2014,607434088.9,173829077.09336305,25.7,59.60000000000048,1.0,-1.2511711728197394,2012-0401MEX
MSR,500,NA1,1989,1989-0115,1989254N13340,240000000.0,2014,240000000.0,27288289.39905437,25.7,59.60000000000048,1.0,-2.1741812729222243,1989-0115MSR
MSR,500,NA1,1995,1995-0192,1995240N11337,20000000.0,2014,20000000.0,276713.1920802282,25.7,59.60000000000048,1.0,-4.280505990406196,1995-0192MSR
NIC,558,NA1,1988,1988-0481,1988285N09318,400000000.0,2014,1806289799.0,81311351.93791738,25.7,59.60000000000048,1.0,-3.100744548627382,1988-0481NIC
PRI,630,NA1,2011,2011-0328,2011233N15301,500000000.0,2014,510433804.3,116039190.61889008,25.7,59.60000000000048,1.0,-1.4813329766220074,2011-0328PRI
PRI,630,NA1,2017,2017-0383,2017260N12310,68000000000.0,2014,67009049565.0,66299510497.53977,25.7,59.60000000000048,1.0,-0.01064516438405044,2017-0383PRI
PRI,630,NA1,1996,1996-0201,1996248N15319,500000000.0,2014,1129729966.0,1248074783.648125,25.7,59.60000000000048,1.0,0.09962355492168859,1996-0201PRI
TCA,796,NA1,2008,2008-0384,2008245N17323,500000000.0,2014,500000000.0,16890948.63344483,25.7,59.60000000000048,1.0,-3.3878302037892416,2008-0384TCA
TCA,796,NA1,2017,2017-0381,2017242N16333,500000000.0,2014,500000000.0,280683790.49162537,25.7,59.60000000000048,1.0,-0.5773793634562634,2017-0381TCA
TTO,780,NA1,2004,2004-0462,2004247N10332,1000000.0,2014,2048171.488,6278336.594562379,25.7,59.60000000000048,1.0,1.1201576338708699,2004-0462TTO
VCT,670,NA1,2010,2010-0571,2010302N09306,25000000.0,2014,26706058.15,5353484.941340788,25.7,59.60000000000048,1.0,-1.6071426969229514,2010-0571VCT
VGB,92,NA1,2017,2017-0381,2017242N16333,3000000000.0,2014,3000000000.0,472008102.19460195,25.7,59.60000000000048,1.0,-1.8493714165454902,2017-0381VGB
VGB,92,NA1,1996,1996-0325,1996187N10326,2000000.0,2014,2000000.0,90127452.27540465,25.7,59.60000000000048,1.0,3.808077624388218,1996-0325VGB
VIR,850,NA1,1989,1989-0115,1989254N13340,21800000.0,2014,58754072.56,2005605489.6079183,25.7,59.60000000000048,1.0,3.5303408131883556,1989-0115VIR
USA,840,NA2,2012,2012-0313,2012234N16315,2000000000.0,2014,2163578370.0,1237241274.1477413,25.7,86.00000000000084,1.0,-0.5588793815318452,2012-0313USA
USA,840,NA2,1999,1999-0435,1999286N16278,100000000.0,2014,181372828.5,7245783442.3829155,25.7,86.00000000000084,1.0,3.6876202458032794,1999-0435USA
USA,840,NA2,1991,1991-0218,1991228N26286,1500000000.0,2014,4256954560.0,5380367110.882814,25.7,86.00000000000084,1.0,0.23420259546393102,1991-0218USA
USA,840,NA2,2005,2005-0351,2005186N12299,2230000000.0,2014,2984138801.0,8736184697.807617,25.7,86.00000000000084,1.0,1.0741623645872145,2005-0351USA
USA,840,NA2,2016,2016-0322,2016242N24279,600000000.0,2014,561979044.5,523016681.6004736,25.7,86.00000000000084,1.0,-0.07185120229008599,2016-0322USA
USA,840,NA2,2014,2014-0310,2014212N11242,66000000.0,2014,66000000.0,460890.5153199537,25.7,86.00000000000084,1.0,-4.964249500101016,2014-0310USA
USA,840,NA2,2011,2011-0328,2011233N15301,7300000000.0,2014,8229569135.0,83321076565.08238,25.7,86.00000000000084,1.0,2.3149678768160222,2011-0328USA
USA,840,NA2,2005,2005-0585,2005289N18282,14300000000.0,2014,19135957336.0,70527623812.70004,25.7,86.00000000000084,1.0,1.3044353119538306,2005-0585USA
USA,840,NA2,2004,2004-0455,2004238N11325,11000000000.0,2014,15701861306.0,13441465184.091572,25.7,86.00000000000084,1.0,-0.1554349140229255,2004-0455USA
USA,840,NA2,1999,1999-0298,1999231N20266,70000000.0,2014,126960980.0,602250345.232693,25.7,86.00000000000084,1.0,1.5567934195780286,1999-0298USA
USA,840,NA2,1992,1992-0271,1992249N12229,5000000000.0,2014,13397267047.0,32782083.131117955,25.7,86.00000000000084,1.0,-6.012923893280709,1992-0271USA
USA,840,NA2,2008,2008-0378,2008241N19303,160000000.0,2014,190472120.2,5534359832.413646,25.7,86.00000000000084,1.0,3.3692253471530225,2008-0378USA
USA,840,NA2,2017,2017-0362,2017228N14314,95000000000.0,2014,85426343701.0,2142066345.536181,25.7,86.00000000000084,1.0,-3.6858835822911526,2017-0362USA
USA,840,NA2,2002,2002-0724,2002265N10315,2000000000.0,2014,3192297819.0,4746449980.3803215,25.7,86.00000000000084,1.0,0.3966559891459833,2002-0724USA
USA,840,NA2,2003,2003-0782,2003179N20271,50000000.0,2014,76110891.03,110838735.35767256,25.7,86.00000000000084,1.0,0.3758849409640837,2003-0782USA
USA,840,NA2,2005,2005-0547,2005261N21290,16000000000.0,2014,21410861355.0,5000903607.222723,25.7,86.00000000000084,1.0,-1.4542797156757465,2005-0547USA
USA,840,NA2,2011,2011-0456,2011245N27269,750000000.0,2014,845503678.2,11422626.50070102,25.7,86.00000000000084,1.0,-4.304336349565688,2011-0456USA
USA,840,NA2,2017,2017-0410,2017277N11279,250000000.0,2014,224806167.6,275211882.8789117,25.7,86.00000000000084,1.0,0.20230273060657453,2017-0410USA
USA,840,NA2,1985,1985-0111,1985260N13336,900000000.0,2014,3627912888.0,42260865245.171135,25.7,86.00000000000084,1.0,2.455203965368705,1985-0111USA
USA,840,NA2,2008,2008-0304,2008203N18276,1200000000.0,2014,1428540902.0,1877960678.2555878,25.7,86.00000000000084,1.0,0.2735328673603794,2008-0304USA
USA,840,NA2,2008,2008-0384,2008245N17323,30000000000.0,2014,35713522539.0,27125347843.791737,25.7,86.00000000000084,1.0,-0.2750607641579569,2008-0384USA
USA,840,NA2,2004,2004-0415,2004223N11301,16000000000.0,2014,22839070991.0,62227880407.20878,25.7,86.00000000000084,1.0,1.0023304280636476,2004-0415USA
USA,840,NA2,1999,1999-0619,1999236N22292,62500000.0,2014,113358017.8,18472622.329399355,25.7,86.00000000000084,1.0,-1.8142613474412914,1999-0619USA
USA,840,NA2,1982,1982-0124,1982324N10193,230000000.0,2014,1204787041.0,9834534.278919104,25.7,86.00000000000084,1.0,-4.808158003565717,1982-0124USA
USA,840,NA2,1999,1999-0327,1999251N15314,7000000000.0,2014,12696097995.0,11772976260.860598,25.7,86.00000000000084,1.0,-0.07548794407835543,1999-0327USA
USA,840,NA2,1992,1992-0066,1992230N11325,26500000000.0,2014,71005515347.0,103398693060.91542,25.7,86.00000000000084,1.0,0.3758347673834944,1992-0066USA
USA,840,NA2,2017,2017-0381,2017242N16333,57000000000.0,2014,51255806221.0,47473137067.16013,25.7,86.00000000000084,1.0,-0.07666488808161338,2017-0381USA
USA,840,NA2,2004,2004-0448,2004241N32282,62500000.0,2014,89215121.06,41034645.36704596,25.7,86.00000000000084,1.0,-0.7766338249915936,2004-0448USA
USA,840,NA2,1985,1985-0126,1985299N25270,1500000000.0,2014,6046521480.0,2924345220.218764,25.7,86.00000000000084,1.0,-0.726412545416468,1985-0126USA
USA,840,NA2,2008,2008-0338,2008229N18293,180000000.0,2014,214281135.2,48395446.64557976,25.7,86.00000000000084,1.0,-1.487883137013652,2008-0338USA
USA,840,NA2,2005,2005-0467,2005236N23285,125000000000.0,2014,167272000000.0,25221839504.265247,25.7,86.00000000000084,1.0,-1.8919109637787666,2005-0467USA
USA,840,NA2,1989,1989-0115,1989254N13340,7000000000.0,2014,21678841358.0,68872721136.50554,25.7,86.00000000000084,1.0,1.1559234477317615,1989-0115USA
USA,840,NA2,1980,1980-0080,1980214N11330,860000000.0,2014,5264166323.0,12459434991.115778,25.7,86.00000000000084,1.0,0.8615553766753485,1980-0080USA
USA,840,NA2,2012,2012-0410,2012296N14283,50000000000.0,2014,54089459244.0,78121236757.11024,25.7,86.00000000000084,1.0,0.3676226088917972,2012-0410USA
USA,840,NA2,2006,2006-0466,2006237N13298,32860000.0,2014,41553786.12,143996089.80730942,25.7,86.00000000000084,1.0,1.2427975059196557,2006-0466USA
USA,840,NA2,1983,1983-0110,1983228N27270,3000000000.0,2014,14448395154.0,43705143009.22889,25.7,86.00000000000084,1.0,1.106882437791431,1983-0110USA
USA,840,NA2,1995,1995-0404,1995212N22287,700000000.0,2014,1600355804.0,13187221384.946962,25.7,86.00000000000084,1.0,2.109022301781765,1995-0404USA
USA,840,NA2,1985,1985-0104,1985240N20286,1100000000.0,2014,4434115752.0,5689089690.176657,25.7,86.00000000000084,1.0,0.24922203478626645,1985-0104USA
USA,840,NA2,2003,2003-0468,2003249N14329,3370000000.0,2014,5129874055.0,7015743939.761561,25.7,86.00000000000084,1.0,0.31307564959158796,2003-0468USA
USA,840,NA2,2008,2008-0352,2008238N13293,7000000000.0,2014,8333155259.0,4721293026.907629,25.7,86.00000000000084,1.0,-0.5681594585920311,2008-0352USA
CAN,124,NA2,2003,2003-0487,2003268N28298,110000000.0,2014,221788181.9,415693458.0473392,25.7,86.00000000000084,1.0,0.6282253181284901,2003-0487CAN
CAN,124,NA2,1996,1996-0201,1996248N15319,100000.0,2014,286258.6963,9674544.63165715,25.7,86.00000000000084,1.0,3.520357515800615,1996-0201CAN
CAN,124,NA2,1995,1995-0192,1995240N11337,100000000.0,2014,297876572.4,3156605372.815516,25.7,86.00000000000084,1.0,2.360573265923534,1995-0192CAN
BGD,50,NI,1994,1994-0044,1994117N07096,125000000.0,2014,639962654.8,338325458.42217416,25.7,58.700000000000465,1.0,-0.6374014958387688,1994-0044BGD
BGD,50,NI,1985,1985-0063,1985143N16088,50000000.0,2014,388010978.9,1154814780.1479855,25.7,58.700000000000465,1.0,1.090661611231088,1985-0063BGD
BGD,50,NI,2016,2016-0175,2016138N10081,600000000.0,2014,468492129.6,95694481.65995021,25.7,58.700000000000465,1.0,-1.5883586685002504,2016-0175BGD
BGD,50,NI,2007,2007-0556,2007314N10093,2300000000.0,2014,4994688046.0,18180465755.874214,25.7,58.700000000000465,1.0,1.2919727506591856,2007-0556BGD
BGD,50,NI,1991,1991-0120,1991113N10091,1780000000.0,2014,9940604678.0,13389015061.601362,25.7,58.700000000000465,1.0,0.2978067476231323,1991-0120BGD
IND,356,NI,2011,2011-0566,2011360N09088,375625000.0,2014,420146061.5,3308261715.0921307,25.7,58.700000000000465,1.0,2.0635757525246627,2011-0566IND
IND,356,NI,1994,1994-0352,1994302N11086,19100000.0,2014,119004702.0,601821985.6247902,25.7,58.700000000000465,1.0,1.6207986917013157,1994-0352IND
IND,356,NI,1996,1996-0256,1996306N15097,1500300000.0,2014,7786525250.0,21366402402.09389,25.7,58.700000000000465,1.0,1.00942499936529,1996-0256IND
IND,356,NI,1982,1982-0313,1982150N13087,120000000.0,2014,1219117208.0,131822741.55928752,25.7,58.700000000000465,1.0,-2.2244241226450496,1982-0313IND
IND,356,NI,1995,1995-0275,1995310N09096,46300000.0,2014,262049202.8,2615661317.343689,25.7,58.700000000000465,1.0,2.3007399552724266,1995-0275IND
IND,356,NI,2013,2013-0401,2013281N12098,633471000.0,2014,695703513.0,3434483702.0167108,25.7,58.700000000000465,1.0,1.5966983057625712,2013-0401IND
IND,356,NI,1990,1990-0019,1990124N09088,580000000.0,2014,3684645392.0,9918569540.18765,25.7,58.700000000000465,1.0,0.9902344204323971,1990-0019IND
IND,356,NI,1982,1982-0120,1982309N11064,625420000.0,2014,6353835704.0,3949009914.2972727,25.7,58.700000000000465,1.0,-0.4755937855295044,1982-0120IND
IND,356,NI,2009,2009-0609,2009313N11072,300000000.0,2014,455879199.2,84140439.10673563,25.7,58.700000000000465,1.0,-1.68974056347142,2009-0609IND
IND,356,NI,1998,1998-0183,1998152N11075,469000000.0,2014,2269722074.0,3458142916.0596704,25.7,58.700000000000465,1.0,0.4210743258799115,1998-0183IND
IND,356,NI,1993,1993-0085,1993331N07108,100000000.0,2014,730095393.3,4530147242.242391,25.7,58.700000000000465,1.0,1.825334520396581,1993-0085IND
IND,356,NI,2016,2016-0485,2016341N08092,1000000000.0,2014,890280689.2,16563581519.534374,25.7,58.700000000000465,1.0,2.923424885761705,2016-0485IND
IND,356,NI,1999,1999-0425,1999298N12099,2500000000.0,2014,11110705411.0,31669618924.3684,25.7,58.700000000000465,1.0,1.0474487328021855,1999-0425IND
IND,356,NI,2003,2003-0605,2003345N05092,28000000.0,2014,93953651.91,271219734.34092766,25.7,58.700000000000465,1.0,1.060127724276347,2003-0605IND
IND,356,NI,1999,1999-0401,1999288N15093,470000000.0,2014,2088812617.0,5344796363.364678,25.7,58.700000000000465,1.0,0.9395276665278843,1999-0401IND
IND,356,NI,1984,1984-0110,1984314N09088,35000000.0,2014,336397308.3,17012894596.426071,25.7,58.700000000000465,1.0,3.9234339146099737,1984-0110IND
IND,356,NI,1999,1999-0177,1999135N12073,20000000.0,2014,88885643.29,17573224.059300903,25.7,58.700000000000465,1.0,-1.620974253344101,1999-0177IND
IND,356,NI,2014,2014-0392,2014279N11096,7000000000.0,2014,7000000000.0,11506523023.528671,25.7,58.700000000000465,1.0,0.49700394494302796,2014-0392IND
IND,356,NI,1983,1983-0129,1983274N18089,510000000.0,2014,4764703292.0,138673433.55136278,25.7,58.700000000000465,1.0,-3.5368687758921507,1983-0129IND
LKA,144,NI,2017,2017-0508,2017333N06082,346000000.0,2014,314311010.2,55446407.1703245,25.7,58.700000000000465,1.0,-1.7349660563978782,2017-0508LKA
MMR,104,NI,2010,2010-0554,2010293N17093,57000000.0,2014,75300204.74,51407992.46487936,25.7,58.700000000000465,1.0,-0.381689197994228,2010-0554MMR
MMR,104,NI,2004,2004-0235,2004136N15090,688000.0,2014,4260951.721,821627.8845593564,25.7,58.700000000000465,1.0,-1.645960225621342,2004-0235MMR
MMR,104,NI,2008,2008-0184,2008117N11090,4000000000.0,2014,8216064485.0,1733517469.3059509,25.7,58.700000000000465,1.0,-1.5559387577363741,2008-0184MMR
OMN,512,NI,2007,2007-0164,2007151N14072,3900000000.0,2014,7513292712.0,243098184.1978056,25.7,58.700000000000465,1.0,-3.4309636804139574,2007-0164OMN
OMN,512,NI,2010,2010-0210,2010151N14065,1000000000.0,2014,1382561646.0,226187698.5343549,25.7,58.700000000000465,1.0,-1.8103281435714988,2010-0210OMN
YEM,887,NI,2015,2015-0484,2015301N11065,200000000.0,2014,189625777.2,363656008.59891176,25.7,58.700000000000465,1.0,0.651155853215454,2015-0484YEM
AUS,36,OC,2015,2015-0053,2015045S12145,78000000.0,2014,84702479.43,488055.04300446255,25.7,49.700000000000344,1.0,-5.15647196075874,2015-0053AUS
AUS,36,OC,1986,1986-0029,1986027S13145,70000000.0,2014,563514152.7,317351669.74206847,25.7,49.700000000000344,1.0,-0.5741819216153198,1986-0029AUS
AUS,36,OC,2006,2006-0043,2006006S11129,2354000.0,2014,4625625.837,11351588.34186132,25.7,49.700000000000344,1.0,0.8977459982325569,2006-0043AUS
AUS,36,OC,2007,2007-0591,2007058S12135,100000000.0,2014,171950641.6,17301865.397718932,25.7,49.700000000000344,1.0,-2.2963931460399367,2007-0591AUS
AUS,36,OC,1999,1999-0051,1999040S15147,300000000.0,2014,1131545100.0,4153250732.264296,25.7,49.700000000000344,1.0,1.3003072927036805,1999-0051AUS
AUS,36,OC,2017,2017-0105,2017081S13152,2700000000.0,2014,2988753820.0,189988178.53837848,25.7,49.700000000000344,1.0,-2.755649944892233,2017-0105AUS
AUS,36,OC,2015,2015-0079,2015047S15152,546000000.0,2014,592917356.0,7551080410.136384,25.7,49.700000000000344,1.0,2.5443909093359887,2015-0079AUS
AUS,36,OC,1996,1996-0318,1996095S09133,46700000.0,2014,170904206.6,126217713.11734228,25.7,49.700000000000344,1.0,-0.3030949064484049,1996-0318AUS
AUS,36,OC,1990,1990-0422,1990350S11165,155600000.0,2014,733330742.5,288177189.5771897,25.7,49.700000000000344,1.0,-0.9340212851776147,1990-0422AUS
AUS,36,OC,2000,2000-0097,2000056S17152,90000000.0,2014,317674987.2,752650588.6142707,25.7,49.700000000000344,1.0,0.8625722870641258,2000-0097AUS
AUS,36,OC,1982,1982-0255,1982095S11138,6864000.0,2014,51906694.26,1140326.6539262785,25.7,49.700000000000344,1.0,-3.8181330057752723,1982-0255AUS
AUS,36,OC,2011,2011-0070,2011028S13180,2500000000.0,2014,2626722487.0,191367642.5675626,25.7,49.700000000000344,1.0,-2.6192957372225765,2011-0070AUS
AUS,36,OC,1989,1989-0398,1989089S11158,94300000.0,2014,461534104.7,2722903480.4866505,25.7,49.700000000000344,1.0,1.7748980951377746,1989-0398AUS
AUS,36,OC,2006,2006-0139,2006074S13158,1180000000.0,2014,2318707938.0,2533122009.2669697,25.7,49.700000000000344,1.0,0.08844243048714832,2006-0139AUS
FJI,242,OC,1992,1992-0162,1992338S04173,1600000.0,2014,4683021.159,1195279750.2773304,25.7,49.700000000000344,1.0,5.542192089170091,1992-0162FJI
FJI,242,OC,1997,1997-0039,1997061S08171,27000000.0,2014,57809242.36,1149198369.484645,25.7,49.700000000000344,1.0,2.9896712429602315,1997-0039FJI
FJI,242,OC,2009,2009-0554,2009346S10172,13300000.0,2014,20772286.48,173522399.7719281,25.7,49.700000000000344,1.0,2.1226869788376823,2009-0554FJI
FJI,242,OC,1983,1983-0057,1983082S11180,851000.0,2014,3397170.854,35765.054601607415,25.7,49.700000000000344,1.0,-4.553726974214398,1983-0057FJI
FJI,242,OC,2004,2004-0153,2004098S15173,4000000.0,2014,6575111.982999999,368286.56347244716,25.7,49.700000000000344,1.0,-2.8821855483123087,2004-0153FJI
FJI,242,OC,2010,2010-0106,2010069S12188,39427000.0,2014,56286310.68,5103849.717737572,25.7,49.700000000000344,1.0,-2.4004562544319765,2010-0106FJI
FJI,242,OC,1990,1990-0121,1990327S07175,10000000.0,2014,33532784.13,1079093791.79127,25.7,49.700000000000344,1.0,3.471353295187033,1990-0121FJI
FJI,242,OC,1980,1980-0036,1980081S12170,2256000.0,2014,8410828.037,2524675.17690388,25.7,49.700000000000344,1.0,-1.203407516117032,1980-0036FJI
FJI,242,OC,1985,1985-0044,1985070S17175,3000000.0,2014,11785953.11,268145551.96572533,25.7,49.700000000000344,1.0,3.124621529473987,1985-0044FJI
FJI,242,OC,1983,1983-0047,1983054S15179,50000000.0,2014,199598757.6,459829892.0419333,25.7,49.700000000000344,1.0,0.8345474817723583,1983-0047FJI
FJI,242,OC,2003,2003-0024,2003011S09182,30000000.0,2014,58076952.28,10178518.51799414,25.7,49.700000000000344,1.0,-1.7414894227740176,2003-0024FJI
FJI,242,OC,2012,2012-0498,2012346S14180,8400000.0,2014,9481515.123,1414106917.0498655,25.7,49.700000000000344,1.0,5.004909330189578,2012-0498FJI
FJI,242,OC,2008,2008-0051,2008026S12179,30000000.0,2014,38176381.62,272799299.1851271,25.7,49.700000000000344,1.0,1.9665193147982147,2008-0051FJI
FJI,242,OC,2007,2007-0655,2007337S12186,652000.0,2014,858485.7575,2076475.5998632456,25.7,49.700000000000344,1.0,0.883257222176747,2007-0655FJI
FJI,242,OC,1986,1986-0143,1986356S07183,20000000.0,2014,69498014.25,3654512.008430785,25.7,49.700000000000344,1.0,-2.9453356093573135,1986-0143FJI
FJI,242,OC,2016,2016-0041,2016041S14170,600000000.0,2014,575865848.2,1334945647.3175118,25.7,49.700000000000344,1.0,0.8407711252463339,2016-0041FJI
FSM,583,OC,2015,2015-0105,2015085N06162,11000000.0,2014,11098409.57,7664371.583589466,25.7,49.700000000000344,1.0,-0.37021929228841505,2015-0105FSM
GUM,316,OC,2004,2004-0445,2004230N09172,1000000.0,2014,1435830.957,204268744.79256755,25.7,49.700000000000344,1.0,4.957692757569223,2004-0445GUM
GUM,316,OC,1997,1997-0292,1997333N06194,200000000.0,2014,327208271.8,5679922195.972181,25.7,49.700000000000344,1.0,2.854095928757767,1997-0292GUM
NCL,540,OC,1981,1981-0111,1981353S09172,200000.0,2014,551603.3058,51795813.83369216,25.7,49.700000000000344,1.0,4.542235471948421,1981-0111NCL
NCL,540,OC,2003,2003-0135,2003061S21148,40000000.0,2014,40000000.0,1972606771.4275367,25.7,49.700000000000344,1.0,3.8982317271424036,2003-0135NCL
PNG,598,OC,1993,1993-0016,1993131S04158,1500000.0,2014,6953406.58,2306805.4906661343,25.7,49.700000000000344,1.0,-1.103368031920174,1993-0016PNG
PYF,258,OC,1983,1983-0071,1983097S10224,21000000.0,2014,54194671.27,541365122.7337729,25.7,49.700000000000344,1.0,2.301511367030607,1983-0071PYF
SLB,90,OC,1986,1986-0065,1986135S07160,20000000.0,2014,111253691.9,21549180.195564967,25.7,49.700000000000344,1.0,-1.641475332256697,1986-0065SLB
TON,776,OC,2011,2011-0091,2011020S13182,3000000.0,2014,3148217.183,176286926.0073406,25.7,49.700000000000344,1.0,4.025276610046681,2011-0091TON
TON,776,OC,1982,1982-0034,1982058S10185,21200000.0,2014,151622251.2,490804403.8871284,25.7,49.700000000000344,1.0,1.1746534475082981,1982-0034TON
TON,776,OC,2014,2014-0001,2014004S17183,31000000.0,2014,31000000.0,10024646.38677322,25.7,49.700000000000344,1.0,-1.1289405050544536,2014-0001TON
TON,776,OC,2001,2001-0711,2001363S10185,51300000.0,2014,125645747.8,33487263.265219226,25.7,49.700000000000344,1.0,-1.322301256295354,2001-0711TON
VUT,548,OC,1993,1993-0024,1993083S12181,6000000.0,2014,25998065.23,506957971.39747256,25.7,49.700000000000344,1.0,2.970405982481301,1993-0024VUT
VUT,548,OC,2014,2014-0096,2014068S16169,2000000.0,2014,2000000.0,36864.056910259285,25.7,49.700000000000344,1.0,-3.9936654506802625,2014-0096VUT
VUT,548,OC,1987,1987-0057,1987035S12160,25000000.0,2014,155722786.8,143818678.7672935,25.7,49.700000000000344,1.0,-0.07952408788447789,1987-0057VUT
VUT,548,OC,2015,2015-0093,2015066S08170,449400000.0,2014,496316510.4,446946402.2726458,25.7,49.700000000000344,1.0,-0.1047751670216657,2015-0093VUT
WSM,882,OC,2012,2012-0498,2012346S14180,133000000.0,2014,133663025.6,918281109.6706727,25.7,49.700000000000344,1.0,1.9271816650624434,2012-0498WSM
WSM,882,OC,1991,1991-0364,1991338S08181,278000000.0,2014,1782167001.0,1383070531.1449664,25.7,49.700000000000344,1.0,-0.25352399010488863,1991-0364WSM
MDG,450,SI,2000,2000-0107,2000032S11116,9000000.0,2014,24773011.21,2324497233.893875,25.7,46.800000000000296,1.0,4.5415042482236405,2000-0107MDG
MDG,450,SI,2017,2017-0075,2017061S11061,20000000.0,2014,18562954.38,48293618.01010941,25.7,46.800000000000296,1.0,0.9561315249852488,2017-0075MDG
MDG,450,SI,1986,1986-0042,1986067S11080,150000000.0,2014,491370641.1,1036183988.3701936,25.7,46.800000000000296,1.0,0.7461012891222315,1986-0042MDG
MDG,450,SI,1981,1981-0110,1981351S12060,250000000.0,2014,742274546.2,32618001.42290411,25.7,46.800000000000296,1.0,-3.1248548562289606,1981-0110MDG
MDG,450,SI,2009,2009-0137,2009093S12062,5000000.0,2014,6241556.912000001,7871982.817514583,25.7,46.800000000000296,1.0,0.23208032062482836,2009-0137MDG
MDG,450,SI,2001,2002-0004,2001364S19036,181000.0,2014,439343.7929,11149.800034454487,25.7,46.800000000000296,1.0,-3.6738606703101455,2002-0004MDG
MDG,450,SI,1984,1984-0034,1984094S10080,250000000.0,2014,907770830.7,141426572.10479304,25.7,46.800000000000296,1.0,-1.8592113003082662,1984-0034MDG
MDG,450,SI,1997,1997-0013,1997018S11059,50000000.0,2014,150510277.2,71383102.47324754,25.7,46.800000000000296,1.0,-0.7459701876020828,1997-0013MDG
MDG,450,SI,2007,2007-0095,2007066S12066,240000000.0,2014,348858871.4,30896290.56917723,25.7,46.800000000000296,1.0,-2.424031330083495,2007-0095MDG
MDG,450,SI,2013,2013-0032,2013046S20042,25000000.0,2014,25169373.46,18377656.023121234,25.7,46.800000000000296,1.0,-0.31449233637606877,2013-0032MDG
MDG,450,SI,2008,2008-0070,2008037S10055,60000000.0,2014,68034718.12,38202936.476265796,25.7,46.800000000000296,1.0,-0.577105751708099,2008-0070MDG
MDG,450,SI,1983,1983-0157,1983339S10065,25000000.0,2014,75988123.11,15432588.21159228,25.7,46.800000000000296,1.0,-1.594095661973578,1983-0157MDG
MDG,450,SI,2004,2004-0103,2004061S12072,250000000.0,2014,611461783.3,83674219.12047689,25.7,46.800000000000296,1.0,-1.9889215417646786,2004-0103MDG
MDG,450,SI,2012,2012-0043,2012039S14075,100000000.0,2014,107598319.7,2472682763.4928107,25.7,46.800000000000296,1.0,3.134653947830914,2012-0043MDG
MDG,450,SI,1994,1994-0009,1994007S16056,10000000.0,2014,35852773.5,36665705.83678021,25.7,46.800000000000296,1.0,0.022420944259590608,1994-0009MDG
MOZ,508,SI,2000,2000-0107,2000032S11116,1000000.0,2014,3381086.779,90395371.7815814,25.7,46.800000000000296,1.0,3.285995878918081,2000-0107MOZ
MOZ,508,SI,2017,2017-0051,2017043S19040,17000000.0,2014,22801692.01,14773295.329748673,25.7,46.800000000000296,1.0,-0.43401356284901,2017-0051MOZ
MOZ,508,SI,1996,1996-0052,1996001S08075,14500000.0,2014,69792056.75,42433285.90928197,25.7,46.800000000000296,1.0,-0.4975871038678569,1996-0052MOZ
MOZ,508,SI,2008,2008-0111,2008062S10064,20000000.0,2014,29510844.15,233102381.87993628,25.7,46.800000000000296,1.0,2.066719970161495,2008-0111MOZ
MYS,458,WP1,1996,1996-0282,1996356N08110,52000000.0,2014,174301945.6,116219217.0459321,25.7,56.700000000000436,1.0,-0.4053109050304424,1996-0282MYS
THA,764,WP1,1991,1991-0710,1991220N10133,8323000.0,2014,34512098.63,789756.5008658251,25.7,56.700000000000436,1.0,-3.7773405552740815,1991-0710THA
THA,764,WP1,1997,1997-0267,1997298N06140,5000000.0,2014,13561680.42,18126947.115700874,25.7,56.700000000000436,1.0,0.29015142243104586,1997-0267THA
VNM,704,WP1,2001,2001-0624,2001309N10130,55000000.0,2014,313330079.3,363727148.3542664,25.7,56.700000000000436,1.0,0.14914679278927645,2001-0624VNM
VNM,704,WP1,2007,2007-0463,2007272N17125,191000000.0,2014,459411646.6,34310140.39406817,25.7,56.700000000000436,1.0,-2.5945056929062917,2007-0463VNM
VNM,704,WP1,2008,2008-0552,2008320N08122,1000000.0,2014,1878382.747,38760201.11434116,25.7,56.700000000000436,1.0,3.026982810052772,2008-0552VNM
VNM,704,WP1,2004,2004-0580,2004319N10134,23000000.0,2014,94274912.3,3199588.610876886,25.7,56.700000000000436,1.0,-3.3831928704464835,2004-0580VNM
VNM,704,WP1,2006,2006-0648,2006329N06150,456000000.0,2014,1279300767.0,5660161280.50458,25.7,56.700000000000436,1.0,1.487138733710618,2006-0648VNM
VNM,704,WP1,1992,1992-0143,1992289N08135,18000000.0,2014,339686537.9,114938265.39210784,25.7,56.700000000000436,1.0,-1.083628083457364,1992-0143VNM
VNM,704,WP1,1997,1997-0358,1997261N13114,5000000.0,2014,34683119.29,2426694255.275099,25.7,56.700000000000436,1.0,4.248032128597474,1997-0358VNM
VNM,704,WP1,2005,2005-0540,2005262N13127,219250000.0,2014,708364809.8,26000214.36805225,25.7,56.700000000000436,1.0,-3.3048544461552236,2005-0540VNM
VNM,704,WP1,2009,2009-0478,2009299N12153,280000000.0,2014,491793332.5,162985258.17204046,25.7,56.700000000000436,1.0,-1.1043988162953777,2009-0478VNM
VNM,704,WP1,2010,2010-0432,2010233N17119,44000000.0,2014,70670931.39,5779356.812637436,25.7,56.700000000000436,1.0,-2.503741935639403,2010-0432VNM
VNM,704,WP1,2005,2005-0536,2005257N15120,20000000.0,2014,64617086.41,11249229.590734452,25.7,56.700000000000436,1.0,-1.7481792258447149,2005-0536VNM
VNM,704,WP1,2017,2017-0281,2017195N16114,71000000.0,2014,59078283.51,356159.9174475975,25.7,56.700000000000436,1.0,-5.111238846264636,2017-0281VNM
VNM,704,WP1,1993,1993-0088,1993322N09137,15000000.0,2014,211901951.8,931778665.5940119,25.7,56.700000000000436,1.0,1.4809716270333533,1993-0088VNM
VNM,704,WP1,2001,2001-0436,2001220N17118,3200000.0,2014,18230113.7,352737.6469391838,25.7,56.700000000000436,1.0,-3.945105533813321,2001-0436VNM
VNM,704,WP1,1995,1995-0274,1995294N05163,21200000.0,2014,190369759.5,633075737.8379503,25.7,56.700000000000436,1.0,1.201621780432305,1995-0274VNM
VNM,704,WP1,2012,2012-0406,2012296N06135,336000000.0,2014,401519462.3,4863242091.843198,25.7,56.700000000000436,1.0,2.494204585386669,2012-0406VNM
VNM,704,WP1,2005,2005-0611,2005301N13117,11000000.0,2014,35539397.53,99961503.51302709,25.7,56.700000000000436,1.0,1.0341432763027436,2005-0611VNM
VNM,704,WP1,2010,2010-0308,2010191N12138,500000.0,2014,803078.7658,72048366.28831378,25.7,56.700000000000436,1.0,4.496640127925818,2010-0308VNM
VNM,704,WP1,1998,1998-0374,1998315N09116,93200000.0,2014,637799612.8,29604545.62879933,25.7,56.700000000000436,1.0,-3.0700962294088203,1998-0374VNM
VNM,704,WP1,2000,2000-0582,2000248N17117,21000000.0,2014,125440545.4,35450749.942678005,25.7,56.700000000000436,1.0,-1.2636874967921283,2000-0582VNM
VNM,704,WP1,2014,2014-0390,2014254N10142,4500000.0,2014,4500000.0,60397549.40798053,25.7,56.700000000000436,1.0,2.596871134625846,2014-0390VNM
VNM,704,WP1,1996,1996-0227,1996260N19107,11000000.0,2014,83068179.11,81903851.14851922,25.7,56.700000000000436,1.0,-0.01411569333976244,1996-0227VNM
VNM,704,WP1,2017,2017-0422,2017304N11127,1000000000.0,2014,832088500.2,1001648385.1599194,25.7,56.700000000000436,1.0,0.1854635014494106,2017-0422VNM
VNM,704,WP1,1996,1996-0110,1996202N17115,362000000.0,2014,2733698258.0,7408296564.058276,25.7,56.700000000000436,1.0,0.9969451637728617,1996-0110VNM
VNM,704,WP1,1992,1992-0061,1992174N13126,400000.0,2014,7548589.73,779863600.0568278,25.7,56.700000000000436,1.0,4.637758277584884,1992-0061VNM
VNM,704,WP1,2012,2012-0294,2012225N16133,6800000.0,2014,8125989.1170000015,12274299.621692674,25.7,56.700000000000436,1.0,0.4124401564735233,2012-0294VNM
VNM,704,WP1,2009,2009-0422,2009270N10148,200000.0,2014,351280.9518,23642343.41262181,25.7,56.700000000000436,1.0,4.209208259967323,2009-0422VNM
VNM,704,WP1,1997,1997-0267,1997298N06140,470000000.0,2014,3260213213.0,374974760.24340683,25.7,56.700000000000436,1.0,-2.1626891572951448,1997-0267VNM
VNM,704,WP1,2008,2008-0437,2008272N15113,6500000.0,2014,12209487.86,14048763.95252503,25.7,56.700000000000436,1.0,0.14032107406550304,2008-0437VNM
VNM,704,WP1,1998,1998-0434,1998342N06141,15000000.0,2014,102650152.3,219541073.7588772,25.7,56.700000000000436,1.0,0.7602127120496501,1998-0434VNM
VNM,704,WP1,2017,2017-0406,2017253N14130,484000000.0,2014,402730834.1,195207247.1837392,25.7,56.700000000000436,1.0,-0.7242066330837278,2017-0406VNM
VNM,704,WP1,2013,2013-0433,2013306N07162,734000000.0,2014,798228003.4,246916159.07898232,25.7,56.700000000000436,1.0,-1.1733454331073774,2013-0433VNM
VNM,704,WP1,2009,2009-0414,2009268N14128,785000000.0,2014,1378777736.0,730883065.730509,25.7,56.700000000000436,1.0,-0.6346992049847117,2009-0414VNM
VNM,704,WP1,2013,2013-0430,2013282N14132,76000000.0,2014,82650310.98,1773987755.3660004,25.7,56.700000000000436,1.0,3.0663666736983624,2013-0430VNM
VNM,704,WP1,2013,2013-0419,2013269N15118,663230000.0,2014,721265338.8,209861178.5954547,25.7,56.700000000000436,1.0,-1.2345608267458699,2013-0419VNM
VNM,704,WP1,2016,2016-0268,2016207N17116,191000000.0,2014,173254832.0,4326256136.998929,25.7,56.700000000000436,1.0,3.2176942854848773,2016-0268VNM
VNM,704,WP1,2014,2014-0227,2014190N08154,6200000.0,2014,6200000.0,919620.01982361,25.7,56.700000000000436,1.0,-1.908344008238006,2014-0227VNM
VNM,704,WP1,2013,2013-0341,2013210N13123,1000000.0,2014,1087504.092,3315253.7208675193,25.7,56.700000000000436,1.0,1.114648911191697,2013-0341VNM
VNM,704,WP1,2006,2006-0517,2006268N12129,624000000.0,2014,1750622103.0,4084499248.5148335,25.7,56.700000000000436,1.0,0.8472279256218448,2006-0517VNM
KHM,116,WP1,1997,1997-0267,1997298N06140,10000.0,2014,48505.97055,222220.10444172952,25.7,56.700000000000436,1.0,1.5219814576577768,1997-0267KHM
PHL,608,WP2,2013,2013-0437,2013301N13142,4729000.0,2014,4950777.661,36433365.05685344,25.7,84.70000000000084,1.0,1.9959403097684103,2013-0437PHL
PHL,608,WP2,2011,2011-0272,2011205N12130,63258000.0,2014,80315874.36,10447387.696451578,25.7,84.70000000000084,1.0,-2.039615323624844,2011-0272PHL
PHL,608,WP2,1988,1988-0506,1988308N09140,149060000.0,2014,1119695812.0,182189871.4056953,25.7,84.70000000000084,1.0,-1.815762938219498,1988-0506PHL
PHL,608,WP2,2010,2010-0543,2010285N13145,275745000.0,2014,393168267.4,525794088.3300325,25.7,84.70000000000084,1.0,0.2906719874837975,2010-0543PHL
PHL,608,WP2,2012,2012-0500,2012331N03157,898352000.0,2014,1022251732.0,1060346812.2581037,25.7,84.70000000000084,1.0,0.036588261424426206,2012-0500PHL
PHL,608,WP2,1994,1994-0071,1994197N14115,37600000.0,2014,166973054.6,2392987.276566442,25.7,84.70000000000084,1.0,-4.245289957724178,1994-0071PHL
PHL,608,WP2,2013,2013-0272,2013220N12137,32431000.0,2014,33951928.59,176258123.76394552,25.7,84.70000000000084,1.0,1.6470038737419366,2013-0272PHL
PHL,608,WP2,2004,2004-0580,2004319N10134,6000000.0,2014,18687577.08,137785617.6055521,25.7,84.70000000000084,1.0,1.9978400057951158,2004-0580PHL
PHL,608,WP2,1991,1991-0382,1991289N06156,90000000.0,2014,563936202.8,95056526.06307396,25.7,84.70000000000084,1.0,-1.7804694036553472,1991-0382PHL
PHL,608,WP2,2006,2006-0648,2006329N06150,66400000.0,2014,154621565.9,3409580544.243012,25.7,84.70000000000084,1.0,3.093363933907965,2006-0648PHL
PHL,608,WP2,2008,2008-0426,2008262N16142,7420000.0,2014,12122136.16,60949.64553553688,25.7,84.70000000000084,1.0,-5.292740454667439,2008-0426PHL
PHL,608,WP2,2013,2013-0258,2013178N09133,1000000.0,2014,1046897.37,68264331.17922705,25.7,84.70000000000084,1.0,4.177556488509031,2013-0258PHL
PHL,608,WP2,1987,1987-0239,1987219N08155,5600000.0,2014,48008089.05,118009317.75388956,25.7,84.70000000000084,1.0,0.8993940667795094,1987-0239PHL
PHL,608,WP2,2015,2015-0543,2015344N07145,135217000.0,2014,131434664.3,2659766669.1799192,25.7,84.70000000000084,1.0,3.007483800857267,2015-0543PHL
PHL,608,WP2,2009,2009-0478,2009299N12153,15194000.0,2014,25686800.03,5644022521.225268,25.7,84.70000000000084,1.0,5.392375060815003,2009-0478PHL
PHL,608,WP2,1989,1989-0126,1989286N14137,35400000.0,2014,236623572.4,269580736.3088328,25.7,84.70000000000084,1.0,0.13039734728842975,1989-0126PHL
PHL,608,WP2,2003,2003-0346,2003196N04150,26468000.0,2014,89769325.95,302901523.19538474,25.7,84.70000000000084,1.0,1.2161644116204278,2003-0346PHL
PHL,608,WP2,2000,2000-0706,2000299N08139,17000000.0,2014,59708228.94,13974236348.954006,25.7,84.70000000000084,1.0,5.455500803357554,2000-0706PHL
PHL,608,WP2,1982,1982-0174,1982190N09148,4500000.0,2014,34481009.7,3504334.4014100367,25.7,84.70000000000084,1.0,-2.286408126296472,1982-0174PHL
PHL,608,WP2,1993,1993-0088,1993322N09137,2000000.0,2014,10468808.25,371405.29867645726,25.7,84.70000000000084,1.0,-3.338861556589437,1993-0088PHL
PHL,608,WP2,2015,2015-0176,2015122N07144,348000.0,2014,338265.6263,7568413.608741715,25.7,84.70000000000084,1.0,3.107907298085318,2015-0176PHL
PHL,608,WP2,1989,1989-0125,1989279N07151,59200000.0,2014,395709477.0,20398391326.276543,25.7,84.70000000000084,1.0,3.9425310221012193,1989-0125PHL
PHL,608,WP2,2012,2012-0406,2012296N06135,1339000.0,2014,1523673.426,4810383.666460642,25.7,84.70000000000084,1.0,1.149652698373542,2012-0406PHL
PHL,608,WP2,2006,2006-0600,2006298N12143,9077000.0,2014,21137047.49,581034278.7474111,25.7,84.70000000000084,1.0,3.3137824486055165,2006-0600PHL
PHL,608,WP2,1986,1986-0152,1986276N07177,36000000.0,2014,343006780.4,2492443.00316857,25.7,84.70000000000084,1.0,-4.924486859642767,1986-0152PHL
PHL,608,WP2,2008,2008-0369,2008229N13147,33870000.0,2014,55333794.03,1760856.451270264,25.7,84.70000000000084,1.0,-3.4475835147682994,2008-0369PHL
PHL,608,WP2,2011,2011-0341,2011233N12129,34452000.0,2014,43742174.96,6257099.384016222,25.7,84.70000000000084,1.0,-1.9445960182064839,2011-0341PHL
PHL,608,WP2,1993,1993-0228,1993353N05159,17000000.0,2014,88984870.12,1264179303.9561307,25.7,84.70000000000084,1.0,2.6537120624130464,1993-0228PHL
PHL,608,WP2,2010,2010-0308,2010191N12138,8675000.0,2014,12369162.52,4053622356.7138534,25.7,84.70000000000084,1.0,5.79215968781387,2010-0308PHL
PHL,608,WP2,2001,2001-0319,2001181N08141,68565000.0,2014,255861625.3,601016.0555483092,25.7,84.70000000000084,1.0,-6.05377040225187,2001-0319PHL
PHL,608,WP2,1994,1994-0594,1994345N06165,26813000.0,2014,119070439.2,110560442.99589802,25.7,84.70000000000084,1.0,-0.07415287719450049,1994-0594PHL
PHL,608,WP2,2015,2015-0490,2015273N12130,1300000.0,2014,1263635.96,59324.62664951331,25.7,84.70000000000084,1.0,-3.0587240179017012,2015-0490PHL
PHL,608,WP2,1980,1980-0099,1980296N05165,102300000.0,2014,897149786.7,173422364.8204887,25.7,84.70000000000084,1.0,-1.6434928001727849,1980-0099PHL
PHL,608,WP2,2015,2015-0278,2015183N13130,2218000.0,2014,2155957.3540000003,155710.4841154631,25.7,84.70000000000084,1.0,-2.627991739752377,2015-0278PHL
PHL,608,WP2,2006,2006-0251,2006128N09138,3328000.0,2014,7749707.397000001,227707267.92143303,25.7,84.70000000000084,1.0,3.380405803980469,2006-0251PHL
PHL,608,WP2,2007,2007-0576,2007324N10140,5000000.0,2014,9526803.663,8742115.605390292,25.7,84.70000000000084,1.0,-0.08595704354219859,2007-0576PHL
PHL,608,WP2,1987,1987-0240,1987343N05154,8500000.0,2014,72869420.88,63951497.35340019,25.7,84.70000000000084,1.0,-0.13054414215704696,1987-0240PHL
PHL,608,WP2,2014,2014-0390,2014254N10142,19183000.0,2014,19183000.0,37282416.70289803,25.7,84.70000000000084,1.0,0.6644973432836072,2014-0390PHL
PHL,608,WP2,2009,2009-0165,2009123N10111,30342000.0,2014,51295833.0,423788486.19392,25.7,84.70000000000084,1.0,2.1116249566396497,2009-0165PHL
PHL,608,WP2,2011,2011-0379,2011266N13139,344173000.0,2014,436981179.1,171551572.51871568,25.7,84.70000000000084,1.0,-0.9350061899517395,2011-0379PHL
PHL,608,WP2,2015,2015-0462,2015285N14151,210985000.0,2014,205083256.2,517723786.5852875,25.7,84.70000000000084,1.0,0.9260258450154806,2015-0462PHL
PHL,608,WP2,2004,2004-0309,2004174N14146,19667000.0,2014,61254763.09,36505.478495306736,25.7,84.70000000000084,1.0,-7.425334545031115,2004-0309PHL
PHL,608,WP2,2011,2011-0519,2011346N03156,38082000.0,2014,48351024.81,5635267.217781127,25.7,84.70000000000084,1.0,-2.149442849884782,2011-0519PHL
PHL,608,WP2,1995,1995-0271,1995293N05177,244000000.0,2014,936840738.5,156753018679.3157,25.7,84.70000000000084,1.0,5.1199134180238275,1995-0271PHL
PHL,608,WP2,2016,2016-0342,2016253N13144,4913000.0,2014,4585811.217,5851.789538976261,25.7,84.70000000000084,1.0,-6.663974778939796,2016-0342PHL
PHL,608,WP2,2008,2008-0197,2008135N12116,99174000.0,2014,162021661.9,217992014.35269487,25.7,84.70000000000084,1.0,0.2967283889831147,2008-0197PHL
PHL,608,WP2,1993,1993-0077,1993271N14134,188000000.0,2014,984067975.5,120218438.74465092,25.7,84.70000000000084,1.0,-2.1023845645846593,1993-0077PHL
PHL,608,WP2,2011,2011-0378,2011270N18139,2655000.0,2014,3370935.635,576605108.8189317,25.7,84.70000000000084,1.0,5.141967303084031,2011-0378PHL
PHL,608,WP2,2007,2007-0578,2007323N09128,1000000.0,2014,1905360.733,1189032.4381870558,25.7,84.70000000000084,1.0,-0.4715314525637681,2007-0578PHL
PHL,608,WP2,2012,2012-0294,2012225N16133,3000000.0,2014,3413756.742,13121.350621539132,25.7,84.70000000000084,1.0,-5.561327925807719,2012-0294PHL
PHL,608,WP2,2008,2008-0155,2008104N08128,16000000.0,2014,26139377.16,23591.027214563837,25.7,84.70000000000084,1.0,-7.01033172284597,2008-0155PHL
PHL,608,WP2,2009,2009-0422,2009270N10148,585379000.0,2014,989634942.4,22709945.783621844,25.7,84.70000000000084,1.0,-3.7745331612953525,2009-0422PHL
PHL,608,WP2,1984,1984-0105,1984302N00149,96600000.0,2014,875268514.8,173628292.72612268,25.7,84.70000000000084,1.0,-1.6176139478585625,1984-0105PHL
PHL,608,WP2,1980,1980-0133,1980126N08150,289000.0,2014,2534470.072,1085476.617316647,25.7,84.70000000000084,1.0,-0.8479654014436823,1980-0133PHL
PHL,608,WP2,2016,2016-0503,2016355N07146,103661000.0,2014,96757536.45,1991362713.5679421,25.7,84.70000000000084,1.0,3.0243662390504564,2016-0503PHL
PHL,608,WP2,1981,1981-0083,1981256N10150,6700000.0,2014,53489704.34,1801384.3801770834,25.7,84.70000000000084,1.0,-3.3909337237450106,1981-0083PHL
PHL,608,WP2,1986,1986-0153,1986343N05176,4000000.0,2014,38111864.49,2633763193.242719,25.7,84.70000000000084,1.0,4.235643336811893,1986-0153PHL
PHL,608,WP2,1981,1981-0138,1981317N14153,167000.0,2014,1333250.8390000002,603736756.4948355,25.7,84.70000000000084,1.0,6.1155180695262095,1981-0138PHL
PHL,608,WP2,2000,2000-0715,2000305N06136,31000000.0,2014,108879711.6,36725050123.095665,25.7,84.70000000000084,1.0,5.82097065631131,2000-0715PHL
PHL,608,WP2,2004,2004-0218,2004134N07132,1000000.0,2014,3114596.1810000013,26179685.734996714,25.7,84.70000000000084,1.0,2.1288842494811973,2004-0218PHL
PHL,608,WP2,1989,1989-0132,1989314N10152,325000.0,2014,2172391.554,210240657.8722564,25.7,84.70000000000084,1.0,4.57242420513517,1989-0132PHL
PHL,608,WP2,2013,2013-0433,2013306N07162,10000000000.0,2014,10468973696.0,1803815584.413734,25.7,84.70000000000084,1.0,-1.7585118062928997,2013-0433PHL
PHL,608,WP2,2007,2007-0560,2007306N18133,2971000.0,2014,5660826.7370000025,78225079.99356386,25.7,84.70000000000084,1.0,2.6260203640069237,2007-0560PHL
PHL,608,WP2,2014,2014-0479,2014334N02156,113878000.0,2014,113878000.0,118037232.36118849,25.7,84.70000000000084,1.0,0.03587240327238178,2014-0479PHL
PHL,608,WP2,2014,2014-0497,2014362N07130,17688000.0,2014,17688000.0,2636518.0853464617,25.7,84.70000000000084,1.0,-1.903427303986089,2014-0497PHL
PHL,608,WP2,1988,1988-0557,1988306N15130,940000.0,2014,7061009.416,11032.281572911736,25.7,84.70000000000084,1.0,-6.461517633584469,1988-0557PHL
PHL,608,WP2,1981,1981-0101,1981319N07163,35000000.0,2014,279423828.6,304787641.1568956,25.7,84.70000000000084,1.0,0.08688554752239289,1981-0101PHL
PHL,608,WP2,2009,2009-0414,2009268N14128,237489000.0,2014,401496146.7,842898.2771456268,25.7,84.70000000000084,1.0,-6.166106932021858,2009-0414PHL
PHL,608,WP2,1981,1981-0134,1981176N08150,7609000.0,2014,60746740.34,460068.7800724082,25.7,84.70000000000084,1.0,-4.883092702606081,1981-0134PHL
PHL,608,WP2,2013,2013-0430,2013282N14132,96723000.0,2014,101259054.3,883877425.9911908,25.7,84.70000000000084,1.0,2.1666362674690354,2013-0430PHL
PHL,608,WP2,2003,2003-0258,2003144N16119,4000000.0,2014,13566469.09,229573.4302314564,25.7,84.70000000000084,1.0,-4.0791335835051905,2003-0258PHL
PHL,608,WP2,1982,1982-0176,1982325N08176,5000.0,2014,38312.233,14021784.88523449,25.7,84.70000000000084,1.0,5.90259821774924,1982-0176PHL
PHL,608,WP2,1994,1994-0519,1994287N14156,67400000.0,2014,299308082.0,17730999636.618423,25.7,84.70000000000084,1.0,4.081596361061754,1994-0519PHL
PHL,608,WP2,1989,1989-0120,1989190N20160,61000000.0,2014,407741184.1,347444617.88946986,25.7,84.70000000000084,1.0,-0.1600273410976016,1989-0120PHL
PHL,608,WP2,1987,1987-0212,1987320N03171,56000000.0,2014,480080890.5,5643083560.44479,25.7,84.70000000000084,1.0,2.464231314085993,1987-0212PHL
PHL,608,WP2,2014,2014-0227,2014190N08154,820576000.0,2014,820576000.0,39527536571.47037,25.7,84.70000000000084,1.0,3.874746303711875,2014-0227PHL
PHL,608,WP2,1982,1982-0093,1982227N09140,6500000.0,2014,49805902.91,316405731.00408465,25.7,84.70000000000084,1.0,1.8488918395547582,1982-0093PHL
PHL,608,WP2,1981,1981-0112,1981355N07149,26000000.0,2014,207571987.0,529859134.95295537,25.7,84.70000000000084,1.0,0.9371329833046561,1981-0112PHL
PHL,608,WP2,2008,2008-0249,2008169N08135,284694000.0,2014,465107740.1,9285700483.036785,25.7,84.70000000000084,1.0,2.9939618354901225,2008-0249PHL
PHL,608,WP2,1988,1988-0312,1988193N09149,11516000.0,2014,86504877.06,1722121.6032676836,25.7,84.70000000000084,1.0,-3.9166437735717974,1988-0312PHL
PHL,608,WP2,2015,2015-0017,2015012N09146,1000000.0,2014,972027.6618,2596001.640812287,25.7,84.70000000000084,1.0,0.9823434471803457,2015-0017PHL
PHL,608,WP2,1985,1985-0190,1985162N05154,20000000.0,2014,185189963.4,563433.5636303831,25.7,84.70000000000084,1.0,-5.795087979394458,1985-0190PHL
PHL,608,WP2,2006,2006-0517,2006268N12129,113000000.0,2014,263136098.5,100437725612.24153,25.7,84.70000000000084,1.0,5.944621785652662,2006-0517PHL
CHN,156,WP3,1994,1994-0163,1994186N09139,96300000.0,2014,1788779559.0,13221570439.667622,25.7,80.20000000000076,1.0,2.0003160433818006,1994-0163CHN
CHN,156,WP3,1993,1993-0466,1993298N11154,15890000.0,2014,374529293.1,3052726.235394048,25.7,80.20000000000076,1.0,-4.809634980078382,1993-0466CHN
CHN,156,WP3,2010,2010-0543,2010285N13145,420000000.0,2014,721663688.8,102598279.85417984,25.7,80.20000000000076,1.0,-1.95073805834351,2010-0543CHN
CHN,156,WP3,2013,2013-0306,2013228N23124,376000000.0,2014,410250840.0,1433234690.9903555,25.7,80.20000000000076,1.0,1.250920412905939,2013-0306CHN
CHN,156,WP3,1994,1994-0138,1994153N19113,700000.0,2014,13002551.31,198308991.14918777,25.7,80.20000000000076,1.0,2.724680782822045,1994-0138CHN
CHN,156,WP3,2013,2013-0272,2013220N12137,2120000000.0,2014,2313116438.0,1561484069.4911304,25.7,80.20000000000076,1.0,-0.39295902703138497,2013-0272CHN
CHN,156,WP3,2010,2010-0484,2010256N17137,298285000.0,2014,512527270.1,917110749.8141661,25.7,80.20000000000076,1.0,0.5818743194769312,2010-0484CHN
CHN,156,WP3,2003,2003-0594,2003316N11141,196938000.0,2014,1243385148.0,170281890.54671073,25.7,80.20000000000076,1.0,-1.9881376536213264,2003-0594CHN
CHN,156,WP3,2007,2007-0457,2007257N16134,638000000.0,2014,1882716826.0,4683020569.913732,25.7,80.20000000000076,1.0,0.9112274687834839,2007-0457CHN
CHN,156,WP3,1996,1996-0168,1996203N12152,72000000.0,2014,873787160.8,14985986924.085129,25.7,80.20000000000076,1.0,2.8420340154950052,1996-0168CHN
CHN,156,WP3,2008,2008-0426,2008262N16142,824000000.0,2014,1878444430.0,17385377624.7971,25.7,80.20000000000076,1.0,2.2251854830427864,2008-0426CHN
CHN,156,WP3,2005,2005-0492,2005237N14148,1900000000.0,2014,8712512761.0,41413190.27435429,25.7,80.20000000000076,1.0,-5.3489160839969,2005-0492CHN
CHN,156,WP3,2007,2007-0552,2007274N18131,1077788000.0,2014,3180516618.0,7560755.76581484,25.7,80.20000000000076,1.0,-6.0418277668518385,2007-0552CHN
CHN,156,WP3,2013,2013-0258,2013178N09133,177000000.0,2014,193123400.7,400604539.90819454,25.7,80.20000000000076,1.0,0.7296453894861596,2013-0258CHN
CHN,156,WP3,2005,2005-0540,2005262N13127,1040000000.0,2014,4768954354.0,457681408.2077308,25.7,80.20000000000076,1.0,-2.343709020059137,2005-0540CHN
CHN,156,WP3,1990,1990-0402,1990235N10152,688000000.0,2014,19985350911.0,25663639606.749317,25.7,80.20000000000076,1.0,0.2500756381028614,1990-0402CHN
CHN,156,WP3,1997,1997-0168,1997210N15120,579700000.0,2014,6319265945.0,19612584020.8538,25.7,80.20000000000076,1.0,1.132568348626024,1997-0168CHN
CHN,156,WP3,2006,2006-0410,2006209N13130,900000000.0,2014,3427937205.0,61005691.98511547,25.7,80.20000000000076,1.0,-4.028746790237022,2006-0410CHN
CHN,156,WP3,2003,2003-0346,2003196N04150,100000000.0,2014,631358675.5,4619766200.580461,25.7,80.20000000000076,1.0,1.9902252518805013,2003-0346CHN
CHN,156,WP3,2017,2017-0281,2017195N16114,3600000.0,2014,3083629.94,423806.88865091436,25.7,80.20000000000076,1.0,-1.9845848337810064,2017-0281CHN
CHN,156,WP3,2000,2000-0533,2000230N08139,69443000.0,2014,600923967.1,79796870253.17772,25.7,80.20000000000076,1.0,4.888771146900647,2000-0533CHN
CHN,156,WP3,2012,2012-0406,2012296N06135,197000000.0,2014,241226084.0,26367732.83258415,25.7,80.20000000000076,1.0,-2.213593580209941,2012-0406CHN
CHN,156,WP3,2005,2005-0565,2005268N19146,150000000.0,2014,687829954.8,12699248133.285765,25.7,80.20000000000076,1.0,2.915756419927023,2005-0565CHN
CHN,156,WP3,1999,1999-0625,1999230N12129,18000000.0,2014,172470904.3,44119686887.436134,25.7,80.20000000000076,1.0,5.544432824982369,1999-0625CHN
CHN,156,WP3,2008,2008-0369,2008229N13147,58000000.0,2014,132220603.1,156043298.0855738,25.7,80.20000000000076,1.0,0.1656617573375601,2008-0369CHN
CHN,156,WP3,2010,2010-0308,2010191N12138,500000.0,2014,859123.4391,440836828.14958894,25.7,80.20000000000076,1.0,6.2405174691730165,2010-0308CHN
CHN,156,WP3,2015,2015-0490,2015273N12130,4200000000.0,2014,3978968885.0,22063982117.68524,25.7,80.20000000000076,1.0,1.7129237989656274,2015-0490CHN
CHN,156,WP3,2015,2015-0278,2015183N13130,213000000.0,2014,201790564.9,3693395398.422483,25.7,80.20000000000076,1.0,2.907071124000153,2015-0278CHN
CHN,156,WP3,2006,2006-0251,2006128N09138,475000000.0,2014,1809189080.0,4007415172.381333,25.7,80.20000000000076,1.0,0.7952677152750061,2006-0251CHN
CHN,156,WP3,2012,2012-0282,2012215N23146,1500000000.0,2014,1836746833.0,288957849.86976224,25.7,80.20000000000076,1.0,-1.8494704309836791,2012-0282CHN
CHN,156,WP3,1993,1993-0464,1993253N06150,263670000.0,2014,6214734972.0,2502035295.7211013,25.7,80.20000000000076,1.0,-0.9098185618229877,1993-0464CHN
CHN,156,WP3,1986,1986-0081,1986179N11175,380000000.0,2014,13244203233.0,985944605.4433553,25.7,80.20000000000076,1.0,-2.597715071905345,1986-0081CHN
CHN,156,WP3,2014,2014-0390,2014254N10142,2900000000.0,2014,2900000000.0,2740826948.91542,25.7,80.20000000000076,1.0,-0.05645105595326022,2014-0390CHN
CHN,156,WP3,2011,2011-0379,2011266N13139,219000000.0,2014,303152614.2,192941656.872839,25.7,80.20000000000076,1.0,-0.4518485087257058,2011-0379CHN
CHN,156,WP3,2017,2017-0352,2017232N19130,3500000000.0,2014,2997973553.0,30585441563.541363,25.7,80.20000000000076,1.0,2.322587551754692,2017-0352CHN
CHN,156,WP3,2012,2012-0259,2012201N15129,329000000.0,2014,402859805.3,5815137296.063594,25.7,80.20000000000076,1.0,2.6696310515913377,2012-0259CHN
CHN,156,WP3,1990,1990-0390,1990202N13130,83000000.0,2014,2411023438.0,473582822.0420215,25.7,80.20000000000076,1.0,-1.6274797875255487,1990-0390CHN
CHN,156,WP3,2005,2005-0510,2005248N08142,1750000000.0,2014,8024682806.0,20104478297.1341,25.7,80.20000000000076,1.0,0.918420448598219,2005-0510CHN
CHN,156,WP3,2006,2006-0437,2006216N07151,2510000000.0,2014,9560135983.0,11592062121.170366,25.7,80.20000000000076,1.0,0.19271861284784295,2006-0437CHN
CHN,156,WP3,1990,1990-0038,1990171N11148,28000000.0,2014,813357304.5,2638995475.692897,25.7,80.20000000000076,1.0,1.1769831201690426,1990-0038CHN
CHN,156,WP3,1994,1994-0198,1994224N20152,1150000000.0,2014,21361334294.0,31162629293.1786,25.7,80.20000000000076,1.0,0.3776371187514003,1994-0198CHN
CHN,156,WP3,2016,2016-0342,2016253N13144,2300000000.0,2014,2154362604.0,21440529479.688442,25.7,80.20000000000076,1.0,2.297788127379148,2016-0342CHN
CHN,156,WP3,2006,2006-0388,2006198N08152,367000000.0,2014,1397836616.0,24714208.94319969,25.7,80.20000000000076,1.0,-4.035302707056807,2006-0388CHN
CHN,156,WP3,2013,2013-0249,2013187N20156,460000000.0,2014,501902623.4,234643861.26745656,25.7,80.20000000000076,1.0,-0.7603372429163247,2013-0249CHN
CHN,156,WP3,2015,2015-0244,2015180N09160,940000000.0,2014,890531131.4,9259062.32490969,25.7,80.20000000000076,1.0,-4.566215278857648,2015-0244CHN
CHN,156,WP3,1999,1999-0392,1999275N16135,241600000.0,2014,2314942804.0,15899582531.462444,25.7,80.20000000000076,1.0,1.9269078724611113,1999-0392CHN
CHN,156,WP3,2012,2012-0294,2012225N16133,262000000.0,2014,320818446.7,2681086732.3473105,25.7,80.20000000000076,1.0,2.1231021119364555,2012-0294CHN
CHN,156,WP3,2008,2008-0155,2008104N08128,49000000.0,2014,111703612.9,331427912.67819583,25.7,80.20000000000076,1.0,1.087561277768866,2008-0155CHN
CHN,156,WP3,2017,2017-0485,2017236N15129,56000000.0,2014,47967576.85,5162245380.450235,25.7,80.20000000000076,1.0,4.678601614699533,2017-0485CHN
CHN,156,WP3,2009,2009-0422,2009270N10148,35000000.0,2014,71797721.06,1703479.8851172237,25.7,80.20000000000076,1.0,-3.7411795853633127,2009-0422CHN
CHN,156,WP3,2015,2015-0458,2015263N14148,661000000.0,2014,626213912.6,3204327903.2521787,25.7,80.20000000000076,1.0,1.6325656186427926,2015-0458CHN
CHN,156,WP3,2003,2003-0443,2003240N20139,241000000.0,2014,1521574408.0,119035718773.6496,25.7,80.20000000000076,1.0,4.359678012305166,2003-0443CHN
CHN,156,WP3,1990,1990-0037,1990166N06141,16000000.0,2014,464775602.6,12124600.113889167,25.7,80.20000000000076,1.0,-3.6463182580748934,1990-0037CHN
CHN,156,WP3,1993,1993-0199,1993224N07153,433920000.0,2014,10227548827.0,3825715216.348901,25.7,80.20000000000076,1.0,-0.9833395104340608,1993-0199CHN
CHN,156,WP3,1995,1995-0188,1995236N10134,87000000.0,2014,1241534250.0,126857988322.34,25.7,80.20000000000076,1.0,4.626720345436574,1995-0188CHN
CHN,156,WP3,2014,2014-0240,2014197N10137,500000000.0,2014,500000000.0,44472311.386730015,25.7,80.20000000000076,1.0,-2.419741318935264,2014-0240CHN
CHN,156,WP3,1990,1990-0405,1990245N16149,154000000.0,2014,4473465175.0,12769210928.642056,25.7,80.20000000000076,1.0,1.0488735618698557,1990-0405CHN
CHN,156,WP3,1999,1999-0301,1999241N12133,277900000.0,2014,2662759128.0,141296913.58642623,25.7,80.20000000000076,1.0,-2.9362546838839423,1999-0301CHN
CHN,156,WP3,1987,1987-0159,1987245N15133,120000000.0,2014,4608092264.0,102462650.14443202,25.7,80.20000000000076,1.0,-3.806070881406813,1987-0159CHN
CHN,156,WP3,2015,2015-0339,2015211N13162,1282690000.0,2014,1215186571.0,337352386.6211013,25.7,80.20000000000076,1.0,-1.2815248587020633,2015-0339CHN
CHN,156,WP3,2009,2009-0399,2009254N14130,295001000.0,2014,605154271.7,671325614.3709884,25.7,80.20000000000076,1.0,0.10377086651577051,2009-0399CHN
CHN,156,WP3,2008,2008-0292,2008206N22133,73000000.0,2014,166415586.6,383040210.6803108,25.7,80.20000000000076,1.0,0.833651778919603,2008-0292CHN
CHN,156,WP3,2013,2013-0429,2013272N10135,6700000000.0,2014,7310320819.0,212626882.1994896,25.7,80.20000000000076,1.0,-3.5375035365898557,2013-0429CHN
CHN,156,WP3,2001,2001-0405,2001206N14134,40000000.0,2014,313047801.0,253197977.30436888,25.7,80.20000000000076,1.0,-0.21218419602089325,2001-0405CHN
CHN,156,WP3,2016,2016-0350,2016266N11144,830000000.0,2014,777443896.3,519226054.2817285,25.7,80.20000000000076,1.0,-0.4036721366289051,2016-0350CHN
CHN,156,WP3,2014,2014-0227,2014190N08154,4232973000.0,2014,4232973000.0,26585523358.564377,25.7,80.20000000000076,1.0,1.8374622499343423,2014-0227CHN
CHN,156,WP3,2008,2008-0249,2008169N08135,175000000.0,2014,398941474.7,548713865.1478477,25.7,80.20000000000076,1.0,0.31876238665089407,2008-0249CHN
CHN,156,WP3,2013,2013-0341,2013210N13123,20000000.0,2014,21821853.19,42489084.24478315,25.7,80.20000000000076,1.0,0.6663352940458335,2013-0341CHN
CHN,156,WP3,2007,2007-0380,2007223N19136,890555000.0,2014,2627998249.0,323583516.08037704,25.7,80.20000000000076,1.0,-2.0945204686142507,2007-0380CHN
KOR,410,WP4,1987,1987-0130,1987188N10151,325000000.0,2014,3138801397.0,960023255.6966443,25.7,135.60000000000156,1.0,-1.1846387764752964,1987-0130KOR
KOR,410,WP4,2000,2000-0601,2000245N14157,71000000.0,2014,178416664.1,3383963750.377341,25.7,135.60000000000156,1.0,2.9426813841894246,2000-0601KOR
KOR,410,WP4,2012,2012-0414,2012232N13141,450000000.0,2014,519378870.9,95932.7846279041,25.7,135.60000000000156,1.0,-8.596741111445201,2012-0414KOR
KOR,410,WP4,1989,1989-0265,1989201N11145,176500000.0,2014,1022890325.0,11701799.200235834,25.7,135.60000000000156,1.0,-4.470644943236598,1989-0265KOR
KOR,410,WP4,2012,2012-0588,2012254N09135,349000000.0,2014,402807168.8,1567899853.9750435,25.7,135.60000000000156,1.0,1.3590343721281912,2012-0588KOR
KOR,410,WP4,2016,2016-0361,2016269N15165,126000000.0,2014,125690947.1,54747340.30680681,25.7,135.60000000000156,1.0,-0.8310973044685112,2016-0361KOR
KOR,410,WP4,1995,1995-0393,1995193N06156,140000000.0,2014,355288188.6,1947060439.491548,25.7,135.60000000000156,1.0,1.7011467882407643,1995-0393KOR
KOR,410,WP4,1995,1995-0183,1995229N12144,425000000.0,2014,1078553430.0,70976783.67145391,25.7,135.60000000000156,1.0,-2.7210231726059537,1995-0183KOR
KOR,410,WP4,1985,1985-0118,1985268N03161,14000000.0,2014,197048615.5,276913.2546555366,25.7,135.60000000000156,1.0,-6.567501459408804,1985-0118KOR
KOR,410,WP4,2004,2004-0428,2004227N15141,1000000.0,2014,1845168.832,1768166.417795669,25.7,135.60000000000156,1.0,-0.04262769366678128,2004-0428KOR
KOR,410,WP4,2003,2003-0459,2003247N10153,4500000000.0,2014,9332563202.0,6012051263.498251,25.7,135.60000000000156,1.0,-0.439743705314168,2003-0459KOR
KOR,410,WP4,2007,2007-0470,2007254N18140,70000000.0,2014,87997870.47,277105452.61148417,25.7,135.60000000000156,1.0,1.1470855141087133,2007-0470KOR
MAC,446,WP4,2017,2017-0352,2017232N19130,1420000000.0,2014,1560609286.0,1407104106.1701722,25.7,135.60000000000156,1.0,-0.10354254597118465,2017-0352MAC
JPN,392,WP4,2014,2014-0316,2014209N12152,200000000.0,2014,200000000.0,3109978288.3936033,25.7,135.60000000000156,1.0,2.7440536573769525,2014-0316JPN
JPN,392,WP4,2017,2017-0468,2017252N14147,500000000.0,2014,497742231.7,12612716207.44925,25.7,135.60000000000156,1.0,3.232378470838261,2017-0468JPN
JPN,392,WP4,2012,2012-0414,2012232N13141,86000000.0,2014,67245080.24,608886685.4132037,25.7,135.60000000000156,1.0,2.2032883242289962,2012-0414JPN
JPN,392,WP4,2014,2014-0236,2014184N08147,156000000.0,2014,156000000.0,176717.29895665258,25.7,135.60000000000156,1.0,-6.783060011547095,2014-0236JPN
JPN,392,WP4,2012,2012-0588,2012254N09135,31000000.0,2014,24239505.67,868898888.7284416,25.7,135.60000000000156,1.0,3.5792429970623054,2012-0588JPN
JPN,392,WP4,1982,1982-0090,1982202N11165,137000000.0,2014,585717153.3,1311905688.6533875,25.7,135.60000000000156,1.0,0.8063990837687987,1982-0090JPN
JPN,392,WP4,1997,1997-0180,1997217N06168,100000000.0,2014,109868789.5,16578.165210631207,25.7,135.60000000000156,1.0,-8.798955629293182,1997-0180JPN
JPN,392,WP4,2009,2009-0423,2009272N07164,1000000000.0,2014,927176205.2,1114328426.5070126,25.7,135.60000000000156,1.0,0.18386356574376334,2009-0423JPN
JPN,392,WP4,2015,2015-0176,2015122N07144,23200000.0,2014,25604132.8,160164675.50491276,25.7,135.60000000000156,1.0,1.8334487318979173,2015-0176JPN
JPN,392,WP4,2017,2017-0432,2017288N09138,1000000000.0,2014,995484463.5,10883777037.917679,25.7,135.60000000000156,1.0,2.391799097734046,2017-0432JPN
JPN,392,WP4,1998,1998-0297,1998259N17118,3000000000.0,2014,3608482427.0,31635698192.21775,25.7,135.60000000000156,1.0,2.1709988689730495,1998-0297JPN
JPN,392,WP4,1993,1993-0473,1993211N07161,450000000.0,2014,490034931.9,3638815739.102845,25.7,135.60000000000156,1.0,2.00493688313832,1993-0473JPN
JPN,392,WP4,2014,2014-0396,2014275N06166,100000000.0,2014,100000000.0,910406709.9640872,25.7,135.60000000000156,1.0,2.2087212477040103,2014-0396JPN
JPN,392,WP4,2007,2007-0262,2007188N04148,60000000.0,2014,64453546.68,5079063948.926907,25.7,135.60000000000156,1.0,4.366937503755134,2007-0262JPN
JPN,392,WP4,1999,1999-0326,1999260N20130,5000000000.0,2014,5316012420.0,9777821649.814106,25.7,135.60000000000156,1.0,0.6093932468533425,1999-0326JPN
JPN,392,WP4,1994,1994-0198,1994224N20152,6000000.0,2014,5930761.695,26807369.07285031,25.7,135.60000000000156,1.0,1.508524162641243,1994-0198JPN
JPN,392,WP4,2004,2004-0428,2004227N15141,500000000.0,2014,503661847.5,325493.29823388014,25.7,135.60000000000156,1.0,-7.3443185120807755,2004-0428JPN
JPN,392,WP4,1993,1993-0079,1993246N16129,1300000000.0,2014,1415656470.0,593305.0274481317,25.7,135.60000000000156,1.0,-7.777395270938084,1993-0079JPN
JPN,392,WP4,2005,2005-0497,2005241N15155,1000000000.0,2014,1019977855.0,2852005688.5136533,25.7,135.60000000000156,1.0,1.0282415808438814,2005-0497JPN
JPN,392,WP4,1990,1990-0407,1990251N06171,4000000000.0,2014,6193036523.0,16406932056.43769,25.7,135.60000000000156,1.0,0.974278412488173,1990-0407JPN
JPN,392,WP4,2006,2006-0504,2006252N13139,2500000000.0,2014,2676605774.0,4056205682.876044,25.7,135.60000000000156,1.0,0.41569848617920313,2006-0504JPN
JPN,392,WP4,2003,2003-0459,2003247N10153,50000000.0,2014,54552255.91,18785594.27906452,25.7,135.60000000000156,1.0,-1.0660687519723253,2003-0459JPN
JPN,392,WP4,2001,2001-0454,2001225N18146,800000000.0,2014,901659328.8,1035073.5949867544,25.7,135.60000000000156,1.0,-6.769764234007958,2001-0454JPN
JPN,392,WP4,2007,2007-0479,2007240N17153,1000000000.0,2014,1074225778.0,11496822444.330595,25.7,135.60000000000156,1.0,2.3704704924054454,2007-0479JPN
JPN,392,WP4,1998,1998-0311,1998281N11151,335500000.0,2014,403548618.1,9770927914.000423,25.7,135.60000000000156,1.0,3.1868697449656707,1998-0311JPN
JPN,392,WP4,1991,1991-0539,1991256N13171,10000000000.0,2014,13531933846.0,11937913449.917292,25.7,135.60000000000156,1.0,-0.1253330224431333,1991-0539JPN
JPN,392,WP4,1991,1991-0526,1991200N05157,81500000.0,2014,110285260.8,5650310.155192887,25.7,135.60000000000156,1.0,-2.9713598506678163,1991-0526JPN
HKG,344,WP4,2008,2008-0369,2008229N13147,380000.0,2014,505083.5374,18690964.09914185,25.7,135.60000000000156,1.0,3.611071646618977,2008-0369HKG
HKG,344,WP4,2017,2017-0352,2017232N19130,755500000.0,2014,644890817.2,959578279.1102637,25.7,135.60000000000156,1.0,0.39741286854303165,2017-0352HKG
HKG,344,WP4,1983,1983-0121,1983239N10183,12544000.0,2014,122247467.4,997955576.3025844,25.7,135.60000000000156,1.0,2.0996613510219087,1983-0121HKG
HKG,344,WP4,1992,1992-0463,1992194N07140,219700000.0,2014,614100138.3,159022768.28290498,25.7,135.60000000000156,1.0,-1.351110617826563,1992-0463HKG
TWN,158,WP4,2010,2010-0543,2010285N13145,10000000.0,2014,11891195.832707595,62401.391727605114,25.7,135.60000000000156,1.0,-5.24996598083388,2010-0543TWN
TWN,158,WP4,2013,2013-0306,2013228N23124,12000000.0,2014,12443691.250373827,11148.496050339412,25.7,135.60000000000156,1.0,-7.017664441154881,2013-0306TWN
TWN,158,WP4,1992,1992-0357,1992237N14144,35000000.0,2014,83218785.15437673,298352.86236649076,25.7,135.60000000000156,1.0,-5.630951496518978,1992-0357TWN
TWN,158,WP4,2010,2010-0484,2010256N17137,63100000.0,2014,75033445.70438494,1199227314.4687555,25.7,135.60000000000156,1.0,2.771498766912578,2010-0484TWN
TWN,158,WP4,1996,1996-0168,1996203N12152,1100000000.0,2014,1993824460.9429183,19562035738.617992,25.7,135.60000000000156,1.0,2.2835361017725075,1996-0168TWN
TWN,158,WP4,2005,2005-0492,2005237N14148,38000000.0,2014,53646267.69952127,758477228.7394997,25.7,135.60000000000156,1.0,2.6489008778199477,2005-0492TWN
TWN,158,WP4,2000,2000-0706,2000299N08139,150000000.0,2014,240119400.0126732,121892487.75767796,25.7,135.60000000000156,1.0,-0.6779968913644995,2000-0706TWN
TWN,158,WP4,2008,2008-0441,2008268N12140,90000000.0,2014,114489207.21852686,6017588361.852407,25.7,135.60000000000156,1.0,3.9619612952447265,2008-0441TWN
TWN,158,WP4,2005,2005-0565,2005268N19146,100000000.0,2014,141174388.68295068,8946990737.23584,25.7,135.60000000000156,1.0,4.149076598912332,2005-0565TWN
TWN,158,WP4,2001,2001-0293,2001170N11138,5000000.0,2014,8829496.50824507,22827687.263533823,25.7,135.60000000000156,1.0,0.9498761604867872,2001-0293TWN
TWN,158,WP4,2012,2012-0260,2012209N11131,27000000.0,2014,28883557.597107597,479907252.06064266,25.7,135.60000000000156,1.0,2.810320368424614,2012-0260TWN
TWN,158,WP4,1994,1994-0185,1994211N12152,232000000.0,2014,479958040.5400136,3776354990.1645927,25.7,135.60000000000156,1.0,2.0628158505329743,1994-0185TWN
TWN,158,WP4,2009,2009-0321,2009215N20133,250000000.0,2014,338247183.1596558,5618499.741859978,25.7,135.60000000000156,1.0,-4.097712260907414,2009-0321TWN
TWN,158,WP4,1996,1996-0371,1996201N07137,200000000.0,2014,362513538.35325783,6939409690.000879,25.7,135.60000000000156,1.0,2.951910170026697,1996-0371TWN
TWN,158,WP4,2014,2014-0240,2014197N10137,20000000.0,2014,20000000.0,1714896044.3676338,25.7,135.60000000000156,1.0,4.451375468679777,2014-0240TWN
TWN,158,WP4,2001,2001-0405,2001206N14134,240000000.0,2014,423815832.39576334,5241396556.15415,25.7,135.60000000000156,1.0,2.5150442568411835,2001-0405TWN
TWN,158,WP4,2001,2001-0522,2001248N23125,800000000.0,2014,1412719441.319211,2514152291.377241,25.7,135.60000000000156,1.0,0.5764191569932143,2001-0522TWN
TWN,158,WP4,2016,2016-0350,2016266N11144,110000000.0,2014,109825691.57835504,1993127464.2432725,25.7,135.60000000000156,1.0,2.898565787199146,2016-0350TWN
TWN,158,WP4,2005,2005-0381,2005192N22155,100000000.0,2014,141174388.68295068,1466835569.219292,25.7,135.60000000000156,1.0,2.340866760097093,2005-0381TWN
TWN,158,WP4,1986,1986-0115,1986252N06153,80000000.0,2014,542490477.2860905,7516593658.485439,25.7,135.60000000000156,1.0,2.628697811504613,1986-0115TWN
